2.947861200917514690e+00,2.299953427549788820e+00,2.531484220691782472e+00,2.866540974881793602e+00,2.258641479788966233e+00,2.674845946198424418e+00,2.875439828989119206e+00,2.681291189989405854e+00,2.928876446156681634e+00,2.351410732458678154e+00,2.795221066850972491e+00,2.143222811124798621e+00,2.385742599348143145e+00,2.902488873083184817e+00,2.630584307642798159e+00,2.707795998019164152e+00,2.841211794345905428e+00,2.474275406662330923e+00,2.569656770411842484e+00,2.585264950088648206e+00,2.002525927761505287e+00,2.208544476177411120e+00,2.386086073330391688e+00,2.878384693976190789e+00,2.790483366162948453e+00
7.020831805303717754e-01,4.565593217068619758e-02,8.241045961648677531e-01,2.411357951194055271e-01,7.446920416787152774e-01,7.302932671358154382e-01,4.177664138120817938e-02,7.677413098329225472e-01,3.534710714886497573e-01,9.152545827707523340e-01,4.083415895564445064e-01,2.880157402273986200e-02,9.971510042794322626e-01,3.192793741047794676e-01,2.287663792387539807e-02,2.056657040475469156e-01,2.795672062446326045e-01,5.642289462588843119e-01,3.197533044962389548e-01,2.701873452757641569e-01,5.132665195566774585e-01,4.437166162570386208e-01,4.740603396344210685e-01,9.921882101084646965e-01,7.655237305099927836e-01
6.279345664504918378e-01,5.334427188214968529e-01,6.122546617600075347e-01,1.749465378694603501e-02,1.250379298393305971e-01,1.984353159113453335e-01,7.608039101538122129e-01,5.624417135359960351e-02,8.938904870570671957e-01,8.909698786492953326e-01,8.776690322235888297e-01,5.808666680573775221e-01,8.757404624616029754e-01,6.391269795645119212e-01,5.454893309647126376e-01,4.307221245263458398e-01,7.704695922766294780e-01,2.675970019168986136e-01,4.707928558212559622e-01,2.551041452838694878e-01,5.590421783618083618e-01,2.008381660780503841e-01,9.967872102141516200e-01,1.289684561489280457e-01,4.274437852484422873e-01
2.488249888673061960e+00,2.315575311266426350e+00,2.399977787023426679e+00,2.514860419155494853e+00,2.703533626505970844e+00,2.515904376286990374e+00,2.919301821027291410e+00,2.656050807937680780e+00,2.160660315967067202e+00,2.013743719411205557e+00,2.543528864650505206e+00,2.520416340868198990e+00,2.026065762276748394e+00,2.417654172941349433e+00,2.973797061843141076e+00,2.630970810738486598e+00,2.212256969328503686e+00,2.926582592242608083e+00,2.969511608480250864e+00,2.500073622527580142e+00,2.952600863477354842e+00,2.758942866221680390e+00,2.340765048385310632e+00,2.795267117330783258e+00,2.351202667715977412e+00
9.487546612519497380e-01,5.267111547588332332e-01,5.440437100626206446e-01,8.846868035901855887e-01,3.895313407329268340e-01,8.693347886237878797e-02,1.293553208270571409e-01,9.806606776278041782e-01,7.090676010533577545e-01,5.449458119122774225e-02,3.737265433472429788e-01,4.893053076237979804e-01,6.448832347412272181e-01,7.316347236181813818e-01,7.240943052462194274e-01,6.688233011429567387e-02,3.705961220905295006e-01,3.055618026127804310e-01,8.179217938944945976e-01,4.225682913624636550e-01,1.749500290485072052e-01,5.566739918074847804e-02,1.732918278944400869e-01,6.218399014122644175e-02,2.726931476077660843e-01
2.525741764639929166e+00,2.273926904751095712e+00,2.369698855180211172e+00,2.297783537961449518e+00,2.192296798936358204e+00,2.803103489825602868e+00,1.928888206344161915e+00,2.655824315058253227e+00,2.275261624363126067e+00,2.191207066311316787e+00,2.251873768232349082e+00,2.584065623205486606e+00,2.435599161535878743e+00,1.895656171645852650e+00,2.539638017601741460e+00,2.213430083016382888e+00,1.985097412615922652e+00,2.589564869849076523e+00,2.463080879180577387e+00,1.959908536622820607e+00,2.718068946896801563e+00,1.891285858254776242e+00,2.259046536718243292e+00,1.836885371809142908e+00,2.815367449151275459e+00
2.088605661411296222e+00,2.019814246922749579e+00,1.958529614254310269e+00,1.536401405359256289e+00,1.656368111394460163e+00,1.949758346047947510e+00,2.170161537586331679e+00,2.099491562293824831e+00,1.804203790922432660e+00,1.524000860218887032e+00,1.817047598093109118e+00,1.464187416133049924e+00,1.638769597401725564e+00,1.726162535722685298e+00,1.673934951849725961e+00,1.618729178596347795e+00,1.688855602125989286e+00,1.531874968298506223e+00,1.605186493437698925e+00,1.456410831969253250e+00,2.328755040214822269e+00,2.073413604617536432e+00,2.340042774590370467e+00,1.936831453412568349e+00,2.089286775592464895e+00
1.980363649502115742e+00,2.271924988874816087e+00,1.991665645144004237e+00,2.136116210590730979e+00,2.207247014101239913e+00,2.672691057775524293e+00,2.112597503214990180e+00,2.297682223384033939e+00,2.177452340567399336e+00,2.421884247283016656e+00,2.648875015254783527e+00,2.705728929968573393e+00,2.253931190011350338e+00,2.208995299912297483e+00,2.206651405010237710e+00,1.930018859520071350e+00,2.553676068826377321e+00,2.381219808699499563e+00,2.656425791851743323e+00,2.212321441300027391e+00,2.446328047375581072e+00,1.970253198211102230e+00,2.033023404486592245e+00,2.236380269713328151e+00,2.430953616650218585e+00
1.611111047051063005e+00,2.022012183347657643e+00,2.071081689682646498e+00,2.049754849452029681e+00,2.195505706436988724e+00,2.210559054381322053e+00,1.779253671540845572e+00,2.136746168433228732e+00,2.041732295607864511e+00,2.166742209645812878e+00,2.346462326483071514e+00,2.007353992246702745e+00,1.424249870833601772e+00,1.669752069520434201e+00,2.107553659130553481e+00,2.298735266875090222e+00,1.745944164685953259e+00,1.551950323200872228e+00,1.495415801738462447e+00,2.193771930579501372e+00,2.299352100000518817e+00,1.616441931830149281e+00,1.928477511582115556e+00,1.440324031211393407e+00,1.689320788689979702e+00
2.571107630264033439e+00,2.190619145668067702e+00,2.565949677907401583e+00,2.411281501006013794e+00,2.181492745275387168e+00,1.959945513288241958e+00,2.250301374098595542e+00,1.715828788141951833e+00,1.794772991113862126e+00,1.745184568813685555e+00,2.420775534808853102e+00,1.995319365701190062e+00,1.811850480764619631e+00,2.440771993559211150e+00,2.346178890716806187e+00,2.404992047196285121e+00,2.152989093769423601e+00,2.307361951426478708e+00,2.241594578957733841e+00,2.645880115613525430e+00,2.582809788168957787e+00,1.821469153400768537e+00,2.426267577470310410e+00,2.370562036510055481e+00,2.176046045782887184e+00
2.478981676833415193e+00,2.139381994406047038e+00,1.747993782149444231e+00,2.453650899890714054e+00,1.863229353824961354e+00,2.043110308807439157e+00,2.454719693905896172e+00,1.645339326030207383e+00,2.419780838893661024e+00,1.944092936722788156e+00,2.441058380391415206e+00,1.909442449776752593e+00,2.363323358088445403e+00,1.560547893609148362e+00,1.670343474290115759e+00,1.545850575582734754e+00,2.179400316798721704e+00,2.320796070055926474e+00,1.948265414513260518e+00,1.669386982306837242e+00,2.444498817753101072e+00,1.920756956412715155e+00,1.578602717259519173e+00,1.901781640838233312e+00,1.744730483857699799e+00
1.595823813098241839e+00,1.552816065808757084e+00,1.519398277385957341e+00,1.205731320149006525e+00,1.711838056990841794e+00,1.112659123642430137e+00,1.208082543137018572e+00,1.439680741105908934e+00,1.064572905574230566e+00,1.362723675737318896e+00,1.098028404712075634e+00,9.029223903412377794e-01,8.289227112193294777e-01,7.999437521290199138e-01,1.597619749899095387e+00,8.487712423240061366e-01,1.180530102755952271e+00,8.217492745231488316e-01,1.669545493207323483e+00,1.279737333981113112e+00,1.213002392269124430e+00,1.101244566421876625e+00,1.709171729383580862e+00,1.473640015403769432e+00,1.544682779588663069e+00
1.489884367795005105e+00,1.252975259622040038e+00,1.597606934061563289e+00,1.507480872805379457e+00,1.731793200508988440e+00,1.462860986543891517e+00,1.523195541129662711e+00,1.920297298280870590e+00,1.131943159127522636e+00,2.001301506282948228e+00,1.629013198667008666e+00,1.472180075231652951e+00,1.170510327319750798e+00,1.610622629502484582e+00,1.707763860761811303e+00,1.945678711690977503e+00,1.961107578952005159e+00,1.077012409351942201e+00,1.678458053699809049e+00,1.723987584597239442e+00,1.500460338737968247e+00,1.732469491309752474e+00,1.710495453530278542e+00,1.491278731946676483e+00,1.097733488544578639e+00
1.254786147133575280e+00,1.651598563904150163e+00,1.326238249838551209e+00,1.124423012881638373e+00,1.420875869935372515e+00,1.496040277481790248e+00,1.371351131142521940e+00,1.165113275101812063e+00,1.161662187686246295e+00,1.640853352370415630e+00,1.833918551941852604e+00,1.021312343503410602e+00,1.107261722303474194e+00,2.016365029130447351e+00,1.193175099990750887e+00,1.430342862888714928e+00,1.983209251249453686e+00,1.244113921887100682e+00,1.935067945592082506e+00,1.389720775726529745e+00,1.962544881693049525e+00,1.715939631339418181e+00,1.022633226653426153e+00,1.966739262364457064e+00,1.168964119163010684e+00
2.213911440011213205e+00,2.206243268210179576e+00,2.386258115581470829e+00,1.528363590847621412e+00,2.113020597505283149e+00,2.252342156938729634e+00,1.710688079629851366e+00,2.191499958085199928e+00,1.889313830519724347e+00,2.067876408008363587e+00,2.307143999548004309e+00,1.726863458303350640e+00,2.418204507371431777e+00,2.258024952301749266e+00,2.136375244284096642e+00,2.420011163931283793e+00,2.265286441616557234e+00,2.113324499835365078e+00,2.450896202624537779e+00,2.064957436802417501e+00,2.450291293331334330e+00,2.138465154345393859e+00,2.027826723055509817e+00,1.690383160175858324e+00,2.274951302992862523e+00
1.490312559180916763e+00,1.974412001586475895e+00,1.736768140543270444e+00,1.535611461507365938e+00,1.421509211287992347e+00,1.822689190013122129e+00,1.599300002511026886e+00,2.130358900069508898e+00,1.446207803491648791e+00,1.493398719033159905e+00,1.960611127543206988e+00,1.408368342800959239e+00,2.189442920233097389e+00,1.865585845797955500e+00,1.415594325167840006e+00,1.802977448997345133e+00,2.192878311740258379e+00,1.544877965269087827e+00,2.133396734822645691e+00,2.106413509455990152e+00,1.730009812303212380e+00,2.161923582669937449e+00,1.969761029647282724e+00,1.654754708896795545e+00,2.082362307967403847e+00
-1.468978256525905191e-01,4.640735670869285956e-01,-2.009705072863943176e-01,-1.597220300993921205e-01,1.272763128269440713e-01,4.569902587416542206e-01,3.686611746157145153e-02,3.224697341132948258e-01,4.599420240464180409e-01,4.282894279766354950e-01,-2.426245789888799020e-01,5.556923857478184292e-01,8.771112927339039245e-02,-3.729038205394614724e-01,4.987682202415455457e-01,2.183938855986846672e-01,2.460919548166102568e-03,4.705258470366273649e-01,4.027353841067509155e-01,4.576264364579746280e-02,-1.476891350830157323e-01,-1.330179190709450121e-01,9.068972745947422032e-02,2.211119293399181895e-01,-2.198614846196069728e-01
7.638443345203775880e-01,8.931628875578735416e-01,9.169672639434339745e-01,5.467486221424067150e-01,1.066622881905443521e+00,7.593328714337513885e-01,1.009858938890119573e+00,8.226763433880803777e-01,2.055356387883245928e-01,9.910030054718456105e-01,2.106469880374026715e-01,3.135456794331203945e-01,2.082035107190296497e-01,1.018302351853157317e+00,5.494154727428054441e-01,9.748909117598233420e-01,6.830810960439088753e-01,2.873516591949289989e-01,8.416119299587598857e-01,6.044281393644534983e-01,7.655230667549641765e-01,2.046852295922966247e-01,2.297987546992560359e-01,6.286037408960907236e-01,4.318110358182968289e-01
1.571434397583451048e+00,1.287730654290104138e+00,1.075911495954143149e+00,1.667072209312461473e+00,1.634664999011615105e+00,1.448085907168941144e+00,1.474867195168551692e+00,1.220413723979551168e+00,1.613218525771558998e+00,1.151633541567299135e+00,9.141091032101748004e-01,1.407276316211558242e+00,1.622525503128804836e+00,1.705321691467083900e+00,1.754108041333445334e+00,1.670911788250982744e+00,1.587928728291161828e+00,9.325762620443041051e-01,1.139416030861410745e+00,1.705935090837213064e+00,1.272684537554442441e+00,1.754655750047798168e+00,1.587978419293439192e+00,1.112819381407152086e+00,1.736231963748227747e+00
1.052816766628754452e+00,1.527425289089122673e+00,1.880702335663584579e+00,1.677561444598301810e+00,1.227684073930875863e+00,1.635311358792993053e+00,1.747054174459653275e+00,1.949572692486746472e+00,1.109534206356062702e+00,1.293915486758570044e+00,1.884328963430253578e+00,9.947820890648544356e-01,1.932498919318175190e+00,1.094617171964279434e+00,1.056354250590442634e+00,1.771303700435984174e+00,9.821889316413309201e-01,1.240120105191480304e+00,1.928626206112576957e+00,1.361817535491407716e+00,1.615075800261146055e+00,1.448898431854554358e+00,1.277252161061550817e+00,1.637987121380986677e+00,1.793758988396850107e+00
2.002328512589885090e+00,2.255546546696487908e+00,1.889204417380509371e+00,2.476911269890933909e+00,1.932909181451728964e+00,2.150154896882546129e+00,1.934897722851817603e+00,2.260821035371918253e+00,2.028057793748283100e+00,2.303477937715414647e+00,2.337986127875844033e+00,2.005293907705433476e+00,2.185261593400638969e+00,2.501944597406364768e+00,2.005220872970854273e+00,1.899511192305217699e+00,2.324392776678117833e+00,2.457594379359648418e+00,2.020512763988402849e+00,2.410343906426087202e+00,2.168979264098528148e+00,2.291119201127510774e+00,2.155776376274798789e+00,1.977336488931643599e+00,2.592746443332462736e+00
8.231156867025413160e-01,5.062259009925033082e-01,9.452760548149926612e-01,4.204454153310331899e-01,2.813409262737164296e-01,7.062419219426833150e-01,4.970367896814334996e-01,9.891359283942229297e-01,1.042418797417877796e+00,8.495625320801092339e-01,1.015811691320948507e+00,5.308180752347773090e-01,9.185726589209872728e-01,5.613944058379890523e-01,3.786070472922890562e-01,9.518813716712339890e-01,9.286773507341825606e-01,8.203889998934094097e-01,2.428974452034936837e-01,2.449381750510810918e-01,3.380672873141491452e-01,1.125581344323263400e+00,7.937645530207350086e-01,4.952782656190238830e-01,5.339083676216678231e-01
7.933709706284609586e-01,1.610395707086886841e-01,3.397050943292034830e-02,7.744018344009977461e-01,5.024262563343810939e-01,-1.571976759094078080e-01,6.652317960276828979e-01,7.283096033511434753e-01,3.657387904317510596e-02,7.586563050538956965e-01,3.144544136870249251e-01,2.812563682924316133e-01,1.751167794983961024e-01,7.349162193571987522e-01,-1.681859393995972785e-01,6.232659394641412165e-01,2.761428691396261570e-01,4.925756831679450887e-02,7.527123610124952791e-01,7.930456067157669597e-01,6.950680683943599725e-02,3.593218837038406610e-01,4.315609919421614649e-02,5.884380490140728170e-02,7.262627802050685144e-01
4.631499763232833633e-01,7.937318209680904735e-01,7.626566633274045603e-01,8.535728438258146644e-01,8.590650196377130898e-01,2.468321658524695594e-01,5.178545555720593940e-01,6.463573604071927159e-01,9.078122851943795091e-01,3.529316549734433650e-01,5.208910647910623970e-01,8.103954370944306262e-01,8.445107731240013571e-01,3.803752163496602057e-01,9.346856772553303605e-01,4.909676273934495683e-01,3.634502896260059512e-01,8.299015598037391417e-01,7.814004644455169180e-01,3.690176308542473249e-01,4.928977892655717064e-01,9.850229424562774172e-01,1.178155712768353292e+00,1.105727697875645843e+00,3.395302522975096604e-01
1.361531275070730684e+00,1.533004730358766610e+00,9.902937888509585340e-01,1.234050984851671418e+00,1.807602676169890232e+00,9.790178085407941211e-01,1.310193350671573720e+00,1.068296814125850203e+00,1.775803080801642286e+00,1.331561313867521523e+00,1.263388742775491069e+00,1.802010136775810567e+00,1.545560364457756464e+00,1.099350808874858476e+00,1.773714045009988194e+00,1.636613112079577270e+00,1.093869766130318499e+00,1.599774852762744670e+00,1.151796025807875434e+00,9.472277692524239123e-01,1.075173541048422221e+00,9.274488529700315453e-01,1.388453866672457737e+00,1.582220305411395911e+00,8.750111443164301228e-01
2.651440098994057859e+00,2.732592890920073181e+00,2.100339509575713137e+00,2.104322912852738980e+00,1.859361066827742492e+00,2.394863080297684466e+00,1.862795147174075794e+00,2.353848478511137099e+00,2.295634442233377204e+00,2.558700409224690997e+00,2.281395557443618216e+00,2.277450069254474574e+00,2.835584970590205423e+00,2.179746014971125856e+00,2.622854867008188595e+00,2.792417631597273076e+00,2.431100190285000462e+00,2.435672702273276258e+00,2.255291359575191112e+00,2.548503358928024820e+00,2.212726197466534650e+00,2.099827280558129061e+00,2.665133508098274095e+00,2.055112391324119603e+00,2.509045840949269746e+00
1.204151434988512737e+00,1.750725260632340907e+00,1.784242346425000569e+00,1.340143110883117439e+00,1.898583342028829835e+00,1.900475516904677864e+00,1.319414996593712086e+00,1.332914188067130468e+00,1.233380102895587971e+00,1.144495709846330200e+00,1.265770794735400884e+00,1.405179432094966208e+00,1.750335311022519713e+00,1.409541730455405428e+00,1.155632554037521187e+00,1.709080135168435932e+00,1.640029748328577064e+00,2.044669240864101400e+00,1.357991476219182259e+00,1.909877848583508841e+00,1.902918561479296056e+00,1.683869871865346868e+00,1.543259875068149878e+00,1.136811760104994740e+00,1.397747502662600283e+00
-4.669983384046735297e-01,2.765385136411674383e-01,-1.130704772457361527e-02,1.706105491401079810e-01,-4.631277013482298921e-02,3.590299100544686040e-01,-1.817031263059552815e-01,-9.724971972910785578e-02,2.233528124469839615e-01,-1.473225890537550320e-01,4.353501061139645190e-01,4.532535462650802982e-01,2.190611810420310113e-01,-4.835332381758473130e-01,5.599642886310414458e-02,3.330436750782854727e-01,-1.852474754142341418e-01,-7.276026734436944962e-03,-1.054107341231726863e-01,3.191891509062538129e-02,-1.582008241514599178e-01,-3.846410841745651621e-01,-2.796454619270534181e-01,-1.180644622991758458e-01,-3.612474010487848886e-01
2.325229679554810247e-01,3.466069192778379326e-01,9.224760919384972224e-02,2.941197306008556112e-01,3.118595189685914315e-01,6.287263981367795240e-02,4.964855460934094467e-01,3.975047790882986209e-01,4.587616947833172976e-01,4.107050085357958347e-01,1.234655620083663918e-01,6.188378142316789399e-01,7.500807237089551771e-02,3.654371484555146710e-01,5.187622873664142764e-01,6.003143994671006345e-01,9.367029389151833030e-01,4.664797544349797986e-01,8.017514988858792657e-01,7.030761099045941265e-01,4.632087382105357642e-01,7.239991224387815061e-02,8.130921535198587513e-01,3.367485338361020375e-01,8.341515794855512977e-01
1.366886102301569483e+00,7.571929716798764254e-01,7.922180795152885535e-01,7.472849285866405289e-01,1.003225268076350929e+00,1.078467513747598083e+00,1.351561887107405768e+00,6.454338325462830595e-01,1.437769077194394951e+00,7.513753249769278275e-01,1.227338315606073094e+00,7.016067700887221870e-01,9.366539188540292660e-01,9.739485359594238778e-01,1.184063116870277987e+00,6.465724498261029574e-01,7.574077411199618970e-01,1.053844005282091878e+00,1.318834403550513068e+00,5.563679358208807324e-01,1.434460051705418238e+00,8.071748181893629859e-01,5.200870349918896851e-01,1.149447136097528910e+00,1.469810843319331539e+00
2.185151005244867051e+00,2.128757178946082185e+00,2.018625629643215902e+00,1.898821294819574845e+00,2.473422998914717841e+00,2.204913852492839332e+00,2.467772248686020742e+00,1.999285598639882533e+00,2.640387507180191662e+00,2.272697801157280484e+00,2.340016884324452651e+00,1.856481006788744059e+00,1.897558949362898373e+00,2.253701503573600107e+00,1.857072547236330751e+00,2.489507910695853532e+00,2.316068201808247462e+00,2.313897575992896360e+00,2.317868524538000852e+00,2.480964425298225251e+00,2.344351371677245499e+00,2.250243887451242486e+00,2.136346707768452369e+00,2.239616372231762575e+00,2.347144225202684176e+00
1.811440164793876706e+00,2.135929379639013082e+00,1.843154964280551367e+00,1.737550227326223329e+00,2.075386033114611006e+00,1.752113200089943090e+00,1.623654528244560913e+00,2.401376033392037090e+00,2.500861438222413025e+00,2.152632998770685813e+00,2.521788390379173350e+00,1.814003111170014559e+00,2.539006954618106882e+00,2.452371253951148855e+00,1.614115934409951603e+00,2.018616202405849602e+00,2.065135424536514108e+00,1.626782098166709822e+00,2.491532811240825929e+00,2.344223010394092199e+00,1.669238212156315182e+00,1.894615116942202082e+00,2.110911488813631109e+00,1.757245638234235408e+00,1.716231807791695152e+00
-7.305497499226194444e-03,3.424989421080467666e-01,2.465516668243568077e-01,2.904441029362142546e-01,2.463099921626845656e-01,2.823388289712202015e-01,2.740958145613194841e-01,4.713131498772390460e-01,-1.645734206320861037e-01,5.356288181742717702e-01,2.902384213649135125e-01,-2.577608342051364021e-01,-2.357977855863556058e-02,1.383512521032637110e-01,5.519206453764617937e-01,6.484840374823045428e-01,-3.950427082634889661e-03,-2.340002964232334171e-01,-1.029551395786403728e-01,2.719360904045099447e-01,-2.719051522644204133e-01,5.453064122512377709e-01,5.546178477203218549e-01,1.707684346656668239e-01,5.022419168497380682e-01
8.129125684561694376e-01,7.931922301630393024e-01,5.792334766778466371e-01,6.251022759077378144e-01,3.980829344226980981e-01,2.247315752560982427e-01,1.027459129436497420e+00,1.122025585913376311e+00,2.552877077266841321e-01,1.089977499056789867e+00,7.391716326088458855e-01,6.746951652489306950e-01,9.740119636981845463e-01,7.575079051201444313e-01,8.756787332286154468e-01,9.015634139222541421e-01,3.303876414638705072e-01,7.792700385798574381e-01,8.017388209369868957e-01,1.106402578245592849e+00,5.688627926381532030e-01,8.319481049928613148e-01,1.193009264218585441e+00,7.833703549487009976e-01,6.380052199102403954e-01
9.385290766567044862e-01,1.006361693945291513e+00,5.511862251712776883e-01,1.106178115867992640e+00,9.723940585377622847e-01,6.150477163371891320e-01,9.692423634630589202e-01,1.034838423491366344e+00,1.134345042751704336e+00,3.950534599772815292e-01,1.263858404025268056e+00,1.182068988416867139e+00,8.523650623145516692e-01,1.134803540439025538e+00,3.318330279257044046e-01,1.297163755250934747e+00,4.755002843272713164e-01,1.137326478588192691e+00,1.129441350743942918e+00,7.245818570229016764e-01,4.029483572929751234e-01,8.113661077033883506e-01,9.828507427825514675e-01,6.064046208914063429e-01,6.074410299477800423e-01
2.037712136208351676e+00,2.238527837312763946e+00,2.457175401096838296e+00,2.115539535139525196e+00,2.174536669410090717e+00,2.428090724798860567e+00,2.761770842405138815e+00,2.456410103947226808e+00,2.449938859284272130e+00,2.605570626885175489e+00,2.462344815163501455e+00,2.735827607372507408e+00,2.365795300288083602e+00,2.426565316609711864e+00,2.548852883572685357e+00,2.726899842250633199e+00,2.272828044225429167e+00,2.443294927132913408e+00,2.142247151314239595e+00,2.162934210987784489e+00,2.431392181212234771e+00,1.898542586517955044e+00,2.551089993691696645e+00,2.312792820337309152e+00,2.614822259819459482e+00
2.391201910065009262e+00,2.599063512214788485e+00,2.342036170010927787e+00,2.689325017483285230e+00,2.093994521182813706e+00,2.066223980324359388e+00,2.480170806451865495e+00,2.036375907485028502e+00,1.917183187543894052e+00,2.567850097671042331e+00,2.702052124329890503e+00,1.800875270341358858e+00,2.507626857653138863e+00,2.198613247588367958e+00,2.423339059072725732e+00,2.098598287538551155e+00,2.167586889842992193e+00,1.827049747238604693e+00,2.228785806332847841e+00,2.180893715287880230e+00,2.537089769939635087e+00,2.721617402194322910e+00,1.858862758417092476e+00,2.068720589632309093e+00,2.346553861844169031e+00
7.429243879229671110e-01,6.457970181520443775e-01,1.851094240564092608e-02,3.419726379602052724e-01,-2.785622741825905316e-02,7.306069451812376991e-01,1.940860381648815414e-01,5.049668481193272385e-01,-7.404264670179792895e-02,2.717843183391574491e-02,4.726000469047959562e-01,4.859561307914226358e-01,8.538696161866250467e-01,3.467618670119138047e-01,1.224002865779669387e-03,5.369536564480543728e-01,6.778758118403372945e-01,-3.018429608628931532e-02,9.728901601078897288e-02,8.783551460893690432e-01,5.276622854359844794e-01,-5.434164152773889728e-02,4.927912067323874101e-01,5.548038958931723608e-01,1.682087551984904616e-01
1.557622956907350087e+00,1.757854371322597364e+00,1.676760714217207626e+00,1.430003697556117448e+00,8.510427647773998183e-01,1.377650895765596406e+00,1.278662911663337010e+00,1.776558337996953174e+00,1.069246346369663092e+00,1.575578924385228508e+00,1.442290344469478125e+00,1.239832051891816000e+00,1.260184906694261864e+00,1.590274933852856565e+00,1.571679438367723503e+00,1.523274633275898182e+00,1.571791986321483092e+00,1.248514114827879773e+00,1.089470581845479069e+00,8.386855526161989260e-01,1.519616637922303726e+00,1.355469085785622863e+00,1.593677831014600255e+00,1.663167881659483482e+00,1.256966543195654262e+00
1.067018655660708193e+00,1.239148663438542686e+00,6.832855847175176578e-01,1.345725624971070955e+00,9.664315414618146471e-01,1.631815579975400610e+00,9.925665774559007115e-01,1.318653549848862738e+00,1.647891224992810155e+00,1.404060344099165247e+00,9.754178293000289601e-01,1.023954577331058324e+00,1.100000932524634267e+00,1.211775714570460849e+00,1.402058967001854839e+00,7.329992818946670097e-01,1.144430493059914733e+00,1.099843849887486735e+00,9.476699198698167459e-01,1.267045617237346322e+00,8.594513295553335430e-01,1.402630099474027059e+00,9.358413611841589486e-01,1.066911385674274015e+00,1.555459208064205123e+00
2.685623183639185285e+00,2.381762511130308457e+00,2.649705940457483866e+00,2.624513285194140622e+00,2.815667522100887332e+00,2.283939322202002131e+00,2.085311749177418239e+00,2.451858224290123456e+00,2.258279524505764524e+00,2.599698143571934406e+00,2.369319730714029237e+00,2.654741905607880259e+00,2.431306206059115294e+00,2.240144461824978617e+00,2.488889339292382541e+00,2.537300666378233149e+00,2.540153142062594682e+00,2.381278784376767543e+00,2.884887636749936313e+00,2.786429922457520192e+00,2.870910207001242664e+00,2.546781347292074837e+00,2.120209004943859998e+00,2.399721164300078424e+00,2.616572702484664781e+00
2.323081104146321518e+00,2.247518204746212778e+00,2.440270784899335244e+00,2.043339753570243555e+00,2.687464109151291858e+00,2.473955727222573842e+00,2.006774668122088823e+00,2.126895012619250291e+00,2.739473251179731950e+00,2.431206034994039200e+00,2.898980318979788695e+00,2.559062388434742541e+00,2.321548144312874484e+00,1.999982912356923936e+00,2.786405223005640419e+00,2.037033482824393005e+00,2.456733218558927234e+00,2.174520832886771782e+00,2.745336945645749704e+00,2.637682957862943489e+00,2.572152363603840808e+00,2.002462350684683479e+00,2.103006508148130393e+00,2.459046983126001340e+00,2.049456927588318766e+00
1.178664380992149541e+00,1.554480611272602397e+00,1.249637910352123793e+00,7.499391326353204157e-01,9.728698687613914764e-01,1.362252988227732331e+00,1.590999336814209908e+00,8.068085992894235003e-01,1.422483029849631819e+00,1.400257596990811981e+00,8.254272406024679709e-01,7.522256713389823268e-01,1.639988751584120497e+00,8.738717888697586922e-01,1.418858371458692424e+00,1.102849471060675546e+00,6.856362224981059628e-01,1.435504515916477652e+00,1.265685092354267072e+00,1.324482364053105821e+00,8.795277843056444889e-01,1.161351389085334640e+00,1.186714459585526349e+00,1.541007439381262278e+00,9.359878051733127036e-01
1.306595237472815807e+00,1.359495672054670701e+00,1.461460575024161601e+00,1.597731322396874099e+00,1.831144301536248742e+00,1.538691078347576457e+00,1.237608945659332438e+00,1.324253360306858474e+00,1.567069007985591567e+00,1.677247282075232659e+00,1.729685818276242237e+00,1.444607813894638326e+00,1.476787758621300739e+00,1.156946718908427041e+00,1.072655138172890821e+00,1.026435479817221497e+00,1.261163933079999300e+00,1.873904021717876178e+00,1.324877865324410653e+00,1.104811056811534131e+00,1.788467537814823594e+00,9.572057340671664694e-01,9.249879884429632604e-01,9.614777581821360997e-01,1.367393060969642749e+00
1.314518459858770916e+00,1.397410196167054419e+00,2.087364745606374417e+00,1.739267017301691087e+00,1.609660318482621477e+00,1.881163205133933314e+00,2.280109951841828408e+00,1.539315114810295704e+00,2.104913101306697065e+00,1.869976979683162899e+00,1.369074900807457196e+00,1.725985514590343106e+00,1.782733328985060650e+00,1.697818030985326132e+00,2.177236569287016366e+00,2.073760910674540270e+00,1.592039555250626348e+00,2.285510603266568630e+00,2.035387151334004940e+00,2.072190542463638874e+00,1.710512265106875596e+00,1.586681193427261327e+00,1.382893066787375558e+00,2.128866145064250759e+00,1.911374443787588584e+00
2.742233014955447690e+00,2.339787546595248457e+00,2.458383607845417096e+00,2.883627833066801482e+00,2.429745773577537626e+00,2.641422857970490146e+00,2.618521883275703566e+00,2.190516049792537778e+00,2.058305069585844027e+00,2.440160373677279448e+00,2.265531843992440120e+00,2.867925100834892493e+00,2.510561338015535160e+00,2.930791956974401202e+00,2.866481813279439184e+00,2.010259679946937883e+00,2.343495622301888126e+00,2.648614391476030061e+00,2.179326783610202600e+00,2.314202242620992944e+00,2.755460552842090127e+00,2.930397094964317439e+00,2.475401605647163272e+00,2.828751217533520990e+00,1.984256720108282801e+00
2.736280426880645322e+00,2.683034732518297716e+00,2.141134781232624906e+00,2.908872578484428040e+00,2.387892468238509203e+00,2.351762908388278728e+00,2.208034597613317107e+00,2.418334208954878939e+00,2.493407871160383760e+00,2.686042995407694534e+00,2.132662980297471922e+00,2.706668781585569228e+00,2.775321752911309670e+00,2.188011240435483895e+00,2.570391918434749456e+00,2.606446449527380693e+00,2.414290597551689732e+00,2.281484500693748085e+00,2.394551393381699089e+00,2.735351880410148873e+00,2.326166568201120999e+00,2.568601067741629329e+00,2.007137450079681251e+00,2.616731549525842748e+00,2.376641783814612108e+00
1.874990210072427166e+00,2.043958824484583658e+00,2.117324757233317811e+00,1.919197375057946964e+00,1.803246382541368042e+00,2.232616187609195002e+00,2.264650080307305746e+00,1.875472762976485352e+00,1.911969664965571081e+00,2.178350835688418918e+00,1.328916471193520632e+00,1.983331025678383375e+00,1.309330455378216573e+00,1.560173723129547829e+00,1.353373381963533406e+00,1.552745303400425936e+00,1.558516814074955237e+00,2.010914027896422152e+00,2.192938096558004091e+00,1.687501722776005408e+00,1.403879508862016179e+00,1.671544780695618515e+00,1.951020646198482700e+00,1.527111934132861393e+00,1.633127168012544983e+00
1.144087356167899694e+00,1.189456861906302620e+00,1.133356789939900855e+00,1.527801610298853419e+00,1.645128016050973585e+00,1.766476422180412786e+00,1.540646086352029931e+00,1.434278217489621809e+00,1.048037898512464983e+00,1.853169782625969653e+00,1.310000592596662461e+00,1.690505987243924313e+00,1.609370105606726886e+00,1.695425631092270402e+00,1.039321887955454660e+00,1.922255601165933969e+00,1.158235869381854188e+00,1.437061392593673492e+00,1.538032337491066048e+00,1.798893002513808792e+00,1.847322373477136903e+00,1.471638976443742974e+00,1.570280540849494200e+00,1.563348048723776307e+00,1.395748986100132205e+00
2.509390946774601172e+00,2.036251202166550645e+00,2.156715520903637717e+00,2.217878063841588698e+00,2.264090993812409636e+00,2.549265691570974379e+00,1.773159223452090094e+00,2.380732000899921985e+00,2.051752070875491718e+00,1.826120850670661433e+00,2.399876934537020556e+00,1.799716867251970109e+00,2.576512846363480769e+00,1.847415144238825135e+00,1.950095386300986222e+00,2.498528819575808413e+00,1.663887228560525067e+00,2.298490452763972680e+00,2.427374595412461478e+00,2.116318859183871748e+00,2.008789899279881830e+00,2.376616467490316076e+00,2.057346217751537587e+00,2.055782531702170512e+00,2.589654011393827560e+00
2.281061566497202264e+00,2.805213101496772943e+00,2.041663512911334966e+00,2.560952425690346423e+00,2.799358557865243569e+00,1.964264854340760591e+00,2.338229073037611627e+00,2.510117224962999494e+00,2.314027882788271206e+00,2.920152555747959511e+00,2.072786416259759346e+00,2.626381350838119300e+00,2.797547067137277299e+00,2.237450495418936036e+00,2.119424103607291610e+00,1.987729708339263768e+00,2.869934716906283434e+00,2.872417878168489036e+00,2.203093264372526949e+00,2.184286107643872210e+00,2.600954020589201665e+00,2.694749263607830070e+00,2.089720538976744368e+00,2.527160079117886315e+00,2.292802573036994307e+00
8.381190624430601144e-02,1.797731883159006117e-01,3.667854607023369740e-01,5.397311641042530361e-01,7.299430382514658922e-01,6.611544556521240512e-01,3.520176184465876323e-01,3.809927796937585542e-01,5.743114770740143094e-02,8.981662716616876097e-01,5.361210782308974965e-01,2.968449369580193897e-01,3.506599163027623867e-01,6.791681372428030050e-01,1.763100029644791844e-01,3.807640518832977605e-02,3.098726203381643174e-01,2.584285691725282108e-01,4.552391093072927220e-03,2.938253921674547353e-01,4.897924855061174254e-01,1.827037414280239247e-01,7.089912108125723256e-01,3.186189955624596504e-02,5.274813202105239629e-01
1.983619596519050843e+00,2.482618409216616584e+00,2.023120186043206647e+00,2.033751059128134475e+00,2.164437081079838787e+00,2.718156287520150816e+00,1.973697920340913514e+00,2.194808297107423645e+00,2.648058337115815064e+00,2.712492970878886300e+00,1.942941517255265094e+00,1.939518363793941935e+00,2.189642701775643907e+00,2.237723971371389009e+00,1.950967671657708458e+00,2.732171371357258405e+00,2.743913648553720108e+00,2.222890792438541041e+00,1.787619591565699384e+00,1.854176439564954704e+00,2.470727121352650713e+00,1.815227838077995370e+00,2.481156287443382791e+00,2.060905714573534553e+00,1.891425374515231406e+00
2.323698107154219539e+00,1.521647795746480902e+00,2.031634751055199750e+00,1.488301834418195302e+00,1.935387730360130121e+00,1.968608891013858386e+00,1.660221834919967554e+00,2.340671365560388573e+00,2.431796137003874314e+00,1.507466111358747085e+00,2.361163692818493143e+00,2.010572144262195771e+00,1.889340751427422971e+00,1.539130118272056258e+00,1.987925295845011542e+00,2.234315275064944206e+00,2.015244663038087580e+00,2.442821053590372049e+00,1.836620921533577810e+00,2.116108461122578444e+00,1.791483899315487571e+00,1.709968767481590657e+00,1.772945103925759325e+00,1.551895679003765460e+00,2.455926773442892674e+00
2.123325997612282023e+00,2.685419618615196402e+00,2.166813273632720804e+00,2.159400903622986423e+00,2.148696239779207318e+00,2.728594023767121346e+00,2.610786641773427341e+00,2.301126255028267842e+00,1.932858124879898831e+00,2.240542967313309486e+00,2.600036576945456979e+00,2.515395536087841943e+00,2.045245255220720981e+00,2.176330416763152975e+00,2.276497445519891194e+00,2.610507737418453544e+00,2.352072186003966614e+00,2.568207002214891954e+00,1.877415733236455830e+00,2.197900202385074664e+00,2.623388934104196490e+00,2.534184817103764420e+00,2.666719981007692031e+00,2.201725252483627493e+00,2.350642477077522052e+00
1.930667964474547249e-01,8.361340343460450519e-01,1.359575098463193799e-01,8.127961671372818664e-01,1.218446315621650733e-01,6.716255876417143167e-01,9.490414123395791712e-01,7.349416046279400039e-01,8.308824943205133096e-01,6.893950664115620075e-01,2.675269263201174308e-01,2.748617563855286772e-01,5.798289555005701201e-01,9.125002166121718439e-01,1.941345466282471399e-01,8.195965092115892192e-01,3.428475857648004554e-01,2.324262588977694666e-01,4.235466667488794190e-01,1.836075618161936429e-02,1.720218471640211355e-01,7.504571590472314258e-01,2.919864457385257239e-02,2.782784381928484763e-01,3.873974350077884488e-01
2.675717787862918584e+00,2.723999659436115550e+00,2.492356946249139504e+00,2.289819613110556595e+00,2.606606295968648013e+00,2.781976293795235478e+00,2.040771565636811058e+00,2.343990094975752836e+00,2.507562000034492478e+00,2.242427090297846703e+00,2.301950247935405258e+00,2.455843671757960589e+00,2.816193435077103402e+00,2.329634165924967082e+00,2.526417658621700202e+00,2.617595390399025668e+00,2.880367550681471656e+00,2.937656373780947128e+00,2.801716117533158190e+00,2.516371606352371337e+00,2.792317549037071966e+00,2.548286499414806894e+00,2.679271910582572414e+00,2.282047201262338731e+00,2.914468909542440311e+00
2.390324977091651704e+00,2.231755746260656981e+00,2.738852772130457414e+00,2.785527623011084142e+00,2.003995919842574303e+00,2.496730066022175176e+00,2.034095564870547879e+00,2.749960647748077580e+00,2.085450827281476016e+00,2.065641148418706052e+00,2.256228047048626895e+00,2.662113812016177139e+00,2.308472639643522228e+00,2.384796961119321157e+00,2.049614649587470083e+00,2.615272216710626374e+00,2.002356341096070746e+00,2.672510077521717431e+00,2.807452235755967251e+00,2.156048375487532809e+00,2.195057841713249136e+00,1.855672418173044180e+00,2.240182321884974570e+00,2.358812842098371831e+00,2.171951115500806218e+00
2.571923512362240150e+00,2.155836867808400559e+00,1.959708699006533106e+00,2.080874066953873669e+00,1.867127722793173739e+00,1.792402001158612368e+00,2.359711788515447051e+00,2.124599029934657324e+00,2.090041186006887042e+00,2.602373229647548136e+00,1.898718702269118541e+00,2.109524835660065989e+00,2.060498287278744733e+00,1.688120552688324727e+00,1.970750866504429100e+00,1.969049830708043070e+00,2.235735736488837944e+00,1.646971357869028818e+00,1.832537081725647443e+00,2.342420040236516954e+00,2.066061167430504053e+00,1.673426411021833315e+00,1.754701507658440462e+00,2.462021320003437097e+00,2.244719124113562891e+00
2.003202551776024798e+00,2.598112818064339358e+00,2.383927871706085000e+00,2.165672109163064629e+00,2.276899955122630548e+00,2.151480246999273760e+00,2.336618087229571206e+00,2.860837019761864219e+00,2.142594240412058149e+00,2.212534580364895920e+00,2.537299254333778453e+00,2.510312259674361890e+00,2.785081206246343033e+00,1.994860213636907353e+00,2.743746496034422222e+00,2.490960919181384181e+00,2.832687338179922243e+00,2.230557152219006412e+00,2.704788019298595803e+00,2.020543869138227588e+00,2.292273001366049723e+00,2.266370296623296809e+00,2.531783932596462172e+00,2.382196049694032425e+00,2.640683576784945696e+00
4.932712350051731143e-01,5.239462800912747520e-01,2.631275081300757934e-01,3.468469204887110191e-01,5.660009092319779889e-01,8.908612768527094383e-01,1.907278165023988947e-01,6.335640721288119392e-01,6.361891259846583768e-01,9.274436675462444102e-01,2.419748272792686672e-01,4.997777275559782684e-01,1.517713581023557579e-01,1.730120883072621130e-01,3.095451081872584442e-01,5.808522322881655153e-01,1.662424771650922173e-01,2.923604827378415427e-01,7.652472089504811503e-01,4.916425491150834270e-01,2.034401332089195158e-01,9.209581273928950651e-01,8.232753964434458283e-03,2.464117979417507209e-01,9.296576795307204266e-01
2.593265327610088100e+00,2.655487707845707313e+00,2.029580442504645532e+00,2.962236959413242499e+00,2.564565300575976092e+00,2.894523007157281835e+00,2.863799676811142891e+00,2.450232619112115540e+00,2.790111839313093256e+00,2.114862617585040461e+00,2.674349488766638139e+00,2.793280082588163182e+00,2.769055967300779741e+00,2.229700849207498337e+00,2.222863106403139888e+00,2.007048700039432365e+00,2.049828434059931759e+00,2.775878071199378017e+00,2.083369798142811646e+00,2.433497734833052650e+00,2.607324792919831769e+00,2.628801700400921426e+00,2.340060060349958615e+00,1.971501112025863867e+00,2.836362731294051365e+00
2.759139025695892755e+00,1.931220527758921390e+00,2.407830006978032067e+00,2.677600913827750784e+00,2.217199762693428777e+00,2.106454578647886766e+00,2.736530929210197360e+00,2.314718760285327193e+00,2.565191514508772030e+00,2.679664569682127517e+00,2.876737051601145012e+00,2.773512083565726538e+00,1.925474897044811451e+00,2.179176450560077249e+00,2.231167279202442622e+00,2.524908233060543239e+00,2.032742691566291171e+00,2.049796626096151098e+00,2.540102054873035087e+00,2.167184624505903656e+00,2.165413941016184118e+00,2.422463869417001092e+00,2.598047032270509593e+00,2.583527788141361192e+00,2.885810115848042479e+00
2.267301791610494721e+00,2.514650397549257121e+00,2.586104602727505419e+00,2.522647901069807741e+00,1.846908798339155000e+00,2.378128961471219327e+00,2.413447983941946262e+00,2.161519562405895822e+00,1.776898501555652876e+00,2.534954483901640021e+00,2.577449420653795897e+00,2.631148843711897722e+00,2.633953082759261211e+00,2.531809012475897624e+00,2.174380581844188143e+00,1.845709560978857189e+00,1.792202782191416599e+00,2.033735788831867453e+00,1.784253008782575645e+00,2.606271261099628589e+00,2.218904426243757388e+00,2.226609212659086179e+00,1.908723427061509881e+00,2.001788228107510559e+00,2.340003125738641554e+00
2.168193549300752476e+00,2.496792596511816065e+00,2.079698199906907075e+00,2.841763910462812959e+00,2.104027820101756596e+00,2.056175666727866780e+00,1.876879399114159908e+00,2.688073215218998779e+00,2.806861076054827375e+00,2.240994637444553739e+00,2.701230594374509408e+00,2.184644820210573712e+00,2.490572505438177320e+00,2.166177590958346055e+00,2.556733129537070770e+00,2.449600113042165184e+00,2.036357769634374204e+00,2.340240467066414087e+00,2.109158442103489683e+00,1.891829308876956661e+00,2.603575104392783945e+00,2.804996200612483559e+00,2.185972815602891473e+00,2.818575934773217551e+00,1.880935977362153899e+00
4.419320822248623548e-01,1.006638699192504705e-01,6.706748263829787060e-01,6.672726214728508243e-02,7.239599491489447924e-01,4.493476253482077132e-01,9.316860187721828224e-01,5.578332937286538673e-01,3.956124008208100618e-01,5.699601478293581103e-02,7.099380732593445487e-01,1.874037128741268265e-02,1.493479581432315406e-01,2.578167064529297559e-01,4.885411313097942632e-01,2.135014377670504393e-01,6.865850450266807181e-01,7.771561295557992688e-01,9.635164186726331570e-01,9.153683656024957926e-01,9.751824971557324639e-01,2.876859751471173565e-01,3.681410847212677195e-01,1.903759004859277848e-01,7.788063136551600651e-01
2.105601811719987726e+00,2.171001735549467071e+00,2.695986978206672546e+00,1.997224141914888840e+00,2.969891945599401950e+00,2.463183946996401641e+00,2.418744103886566243e+00,2.080048925322570241e+00,2.648860444654669966e+00,2.564429870516717447e+00,2.524945226080661964e+00,2.810372455234764644e+00,2.728433160642033339e+00,2.277957351978848521e+00,2.281674446171856108e+00,2.790351819197421257e+00,2.035171273603234354e+00,2.910159945157484884e+00,2.446849760499198556e+00,2.367076376497689871e+00,2.197814006940435938e+00,2.524003056560439884e+00,2.780203237783392733e+00,2.526467054117050193e+00,2.412354927531528581e+00
2.896900176326042242e+00,2.735889020980879049e+00,2.275831033906980938e+00,2.325098391147021992e+00,1.904318013223070816e+00,2.008482176813863429e+00,2.640623425050991013e+00,2.307394222519139060e+00,2.644117465426449431e+00,2.103750595497181131e+00,2.425132969237724812e+00,2.022453737662474271e+00,2.084051460867804462e+00,2.091149465681334529e+00,2.410237125503695843e+00,2.019308729539331715e+00,2.803423133727379390e+00,2.229197656065311950e+00,2.373553145015089516e+00,2.365630532614818371e+00,2.794856613484804075e+00,2.564413720244164363e+00,2.803782948029053035e+00,2.073976197499392882e+00,2.361880401103881422e+00
2.643880222001746993e+00,1.848227567366657498e+00,2.699453870929315880e+00,1.913791385009178114e+00,2.411253825631598957e+00,1.910258209018813824e+00,2.720582748826390063e+00,2.045534816625262042e+00,2.345559171381080166e+00,2.645514454001781868e+00,2.647283731724286326e+00,2.211094892076544749e+00,2.440175353781358414e+00,2.595761807812917876e+00,2.314609432332058958e+00,2.177840955216634899e+00,2.643061764126616087e+00,2.373338541271505786e+00,2.411649748637066715e+00,2.031522765771134331e+00,2.348552047824859823e+00,2.353462786499057824e+00,2.588853936804854428e+00,2.502327543040069546e+00,2.037257938423404191e+00
2.067368270275390163e+00,1.985359476522279065e+00,2.808277133144721383e+00,2.415165209341698205e+00,2.008834494500373324e+00,2.619649831451462241e+00,2.044996010828866062e+00,2.210282839848749070e+00,2.046091486295996020e+00,2.082205463669579704e+00,2.136144681527039957e+00,1.887896892451525588e+00,2.219476721574082489e+00,1.965659283979674488e+00,2.521991040546420759e+00,2.570372493314977191e+00,2.509919413147996270e+00,2.321518016686240138e+00,2.117763314348584558e+00,2.116089912672530549e+00,2.364790457552780278e+00,2.036414304960162625e+00,2.039168715096977280e+00,2.618418022754509078e+00,2.115761270767158475e+00
8.537197795495501396e-01,2.864648276571246654e-02,6.801068306094850691e-01,6.398603049152448152e-01,9.107779407738186839e-01,7.175971679130525027e-01,3.883138103354280002e-01,6.405603995386766059e-02,6.071944955878769701e-01,7.953132650159975281e-01,6.604335065352410217e-01,4.594122610182148625e-01,2.757355440098471222e-01,6.917447165677136356e-01,7.303580901833294226e-01,2.663730397366348424e-02,4.540575918952439727e-01,6.311051529824219797e-01,3.446606194272392454e-01,4.144757622131256536e-01,3.670088326729434858e-01,4.578217917904219281e-01,6.674957105741096131e-01,6.491024214919620672e-01,9.001315040298724091e-01
2.833803101944003977e+00,2.735193099658861815e+00,2.739081884553936419e+00,2.218376553096456760e+00,2.929841742978844366e+00,2.226392753582516537e+00,2.041852779529826911e+00,2.423313765303410694e+00,2.326228167845768358e+00,2.776817494593733837e+00,2.544010182361586381e+00,2.157832318985294151e+00,2.433899204666943650e+00,2.899404696919996915e+00,2.794877853678146007e+00,2.194978073774436211e+00,2.775878435260631161e+00,2.908342046873232167e+00,2.864054579047868199e+00,2.056812267527858840e+00,2.109563430336928391e+00,2.041475362777843916e+00,2.637938167974541059e+00,2.194092410827224171e+00,2.177790553237988203e+00
2.069048999703912539e+00,2.049930999224625960e+00,2.014865136328703787e+00,2.013620321442686212e+00,2.035803744421823325e+00,2.538641589579485380e+00,2.525833354869205571e+00,2.623242616481284539e+00,2.680284504098376264e+00,2.760325214148217299e+00,2.497279861714635452e+00,2.715243453966628806e+00,2.113144537475043272e+00,2.045322441796568302e+00,2.767881364867472715e+00,2.421354688618481799e+00,2.031126961264836162e+00,2.132691353430848036e+00,2.755135491231424538e+00,2.643849410954722590e+00,2.666512620338922446e+00,2.705161292861391509e+00,2.116420765831968698e+00,2.092768862664893259e+00,2.384044390683034642e+00
2.008301297706146737e+00,2.690264699786470093e+00,2.660297592342990569e+00,2.603358029279860375e+00,1.918932084434507246e+00,2.075801923655843595e+00,1.899758710348171009e+00,2.683294885308709077e+00,2.479153578089075882e+00,2.771083473542021558e+00,2.607625059963313507e+00,2.359145351912163235e+00,1.939181746593372502e+00,1.832913630400103688e+00,2.318432113743646994e+00,2.254536104809510277e+00,2.056037761242492490e+00,2.667585217235028949e+00,2.638694483021857273e+00,2.138830164678502399e+00,2.706832863388700439e+00,2.676550116845915372e+00,2.267757892880165826e+00,2.014902777210873186e+00,2.691373236731394947e+00
2.105808833390566459e+00,2.665672777804407367e+00,2.020221604124179393e+00,2.834462663469196730e+00,2.253235874288432861e+00,2.244994668111375269e+00,2.071081619898247350e+00,2.764525316427740353e+00,2.400936327442318330e+00,2.547228200198028425e+00,2.246769032446723102e+00,2.758981876822912405e+00,2.058957338106528034e+00,2.772505053087008786e+00,2.253583221553697502e+00,2.660636819647042906e+00,2.401173797733210158e+00,2.101525646057768260e+00,2.810543518389432727e+00,2.135485345957531145e+00,2.081809330961813753e+00,2.561282265184197549e+00,2.563028342187877673e+00,2.143698715104071617e+00,2.469600115646371830e+00
1.230646960073527030e-01,2.242149148789611690e-01,8.005640139705224589e-01,9.735350923724040983e-01,4.182357586781716430e-01,1.979407008374314270e-01,2.456676118831497835e-01,6.089808843766434387e-01,5.756219937503415096e-03,5.558346202164715644e-01,1.276799048026083794e-01,3.002328478725776462e-01,3.794202190635477256e-01,3.560025018324284307e-01,9.487596905584052553e-01,9.338621717548489798e-01,8.695625458653011286e-02,7.700580577138378402e-01,5.464388931513464165e-01,6.118558568017001820e-01,3.363756758423219750e-02,1.240244583803926659e-01,4.912128328994342930e-01,2.188835453553461541e-01,6.162217173161876893e-02
8.733914296027012192e-02,5.808502596868500012e-01,8.221854664966090631e-01,4.701138386120760071e-01,4.335673647009076204e-01,3.256109327950030830e-01,4.317497660598528242e-01,9.653851197698606335e-01,9.631197204246821908e-01,4.818117376563825216e-01,8.748462188493300040e-02,6.691103325414193836e-01,8.779697122386357355e-01,6.906802504699072198e-02,8.323443012242193184e-03,9.556353273491893230e-01,7.501940089271169620e-01,4.976549713469125003e-01,9.810914178014759068e-01,9.628451947275015188e-01,3.477104354167545042e-01,7.001178408354540306e-01,3.885986017502340850e-01,3.716795786419671010e-01,2.639060764130789494e-01
2.882023190681906044e+00,2.114210267194969628e+00,2.778307057278321057e+00,1.982422976860756414e+00,2.695898115269655282e+00,2.534277321498904723e+00,2.700547695780135093e+00,2.518937480311151056e+00,2.588724050203161653e+00,2.506748274448825864e+00,2.528526271059074126e+00,2.064907731391327328e+00,2.095143006955968001e+00,2.332411660164613654e+00,2.426363174519228227e+00,2.088174836443871918e+00,2.613794468411739569e+00,2.183073031225891913e+00,2.831669603076447217e+00,2.881793062085899582e+00,2.854427332459563260e+00,2.641447876268278705e+00,2.032368469111311970e+00,2.056496979315803220e+00,2.365459270676601111e+00
1.853894854248611335e+00,2.643679936549353293e+00,2.272375749234962328e+00,2.237766803355185630e+00,2.521538403746238277e+00,2.359777550671045443e+00,2.543057718322725869e+00,2.666795907283117550e+00,2.070846336357357487e+00,2.607706511942577077e+00,2.316300832145543609e+00,2.718728049007840486e+00,2.171590369108930219e+00,2.386246685565583281e+00,2.076127040590737938e+00,2.195459828455237350e+00,2.378424809067339218e+00,1.840522169338328906e+00,2.423922673594415933e+00,2.390574392842092166e+00,1.851115901414531750e+00,1.898466402144227905e+00,2.353507161283259208e+00,2.297160802513328992e+00,2.220681288459016134e+00
2.028705023631632187e+00,2.758958252810558509e+00,2.132394335926389051e+00,2.573614095575619487e+00,2.876638906263405016e+00,2.916337479751313300e+00,1.999189881726602946e+00,2.598251557378032484e+00,2.406290582553747281e+00,2.505991694401683123e+00,2.944968262340673881e+00,2.505206825514366020e+00,2.574217975185755680e+00,2.668675575247712040e+00,2.651567771789680616e+00,2.808682136756871728e+00,2.516269119005623889e+00,2.342272867295714711e+00,2.201764397749909730e+00,2.195509584627048039e+00,2.486309058935832095e+00,2.649175053039292127e+00,2.346764307799406701e+00,2.032180806344003443e+00,2.850400446822656253e+00
4.667277464103116724e-01,5.098743367804211557e-01,1.266070259721314706e-01,6.442375879690160900e-01,8.195397103993948829e-01,1.577434274221700683e-02,4.733922268185253301e-02,8.473710464795869424e-01,4.701173940719951538e-01,4.265300491345280776e-02,1.868149886957710670e-01,3.683334097954833464e-01,3.248101964157735777e-01,2.761505306968435880e-01,7.532617021691460080e-01,7.766337526420485915e-01,4.017815671109358222e-01,7.406286609258528886e-01,6.074508367894086991e-01,6.676878099239688114e-01,3.260985692151010529e-01,9.924800856563615881e-01,3.478345826821309661e-01,1.563733243100252635e-01,3.778213760238375851e-01
6.615704250501590611e-01,2.546450952342138585e-02,7.867404935758818274e-01,4.551025770515554347e-01,8.556467719113258763e-02,5.373086222939709167e-01,4.152170373763085509e-01,8.567455238902833559e-01,7.350580581553243231e-01,3.581566032619059037e-01,9.043546841125427171e-02,8.245708398382985971e-01,2.936298452273738979e-01,1.665214392923946018e-01,4.374022830061841116e-01,8.796186285089802048e-02,2.440557106257353892e-01,7.817914483770782574e-02,4.390282380225767334e-01,9.049479934978430506e-01,5.354794208634673369e-01,6.849571127328846210e-01,1.670131378245783837e-01,7.616442712523788794e-01,9.634119781718371023e-01
2.631809878911298917e+00,2.713012556403052500e+00,2.793554312953514529e+00,2.704610837819599212e+00,2.089644877002594825e+00,2.537193735448845633e+00,2.497112726140218175e+00,2.810720017591294084e+00,2.718779104438456606e+00,2.228506372894837995e+00,2.064542752105405832e+00,2.661063143755176608e+00,2.317387117450981027e+00,2.788626902615408465e+00,2.439370091110059313e+00,2.558101437388095256e+00,2.236818785098614093e+00,2.904627450398495458e+00,2.612262683301770583e+00,2.478786996005996279e+00,2.290163839603667650e+00,1.999971352843151084e+00,2.869426300898121784e+00,2.829538452509837043e+00,2.828127361479849888e+00
1.996658291167602961e+00,2.404860925517035675e+00,1.975829975885966983e+00,2.204786698254717514e+00,2.031439598492790211e+00,2.580560605078161096e+00,2.382205673875732010e+00,2.083764938801938360e+00,2.129934671813845881e+00,1.976194620448465278e+00,2.578940392412971239e+00,1.736772618101136700e+00,1.789756009102380974e+00,1.849522320415288634e+00,2.434262367730610777e+00,2.530463982235772846e+00,1.796482470845973900e+00,2.617769265500946574e+00,2.425500974827445422e+00,2.627940758139475808e+00,2.599990046575188174e+00,1.811613117722282507e+00,2.681917333458853747e+00,2.092463383046830661e+00,2.399975646240718685e+00
2.228510352209893242e+00,2.633349708598331951e+00,2.792669319563382935e+00,2.797992289240705421e+00,2.921551341967007609e+00,2.280644188799699545e+00,2.847841695746085922e+00,2.471402405711612182e+00,2.316246381219175809e+00,2.436907605214585271e+00,2.417587970755824323e+00,2.685447931555597467e+00,2.249228340987304620e+00,2.208385636589478285e+00,2.595585692458968641e+00,2.596570073316153415e+00,2.820289838211470723e+00,2.942580908678420482e+00,2.914969067294400862e+00,2.667863340224206681e+00,2.379727710541275520e+00,2.160151265901266715e+00,2.865712671544223156e+00,2.272236150953151679e+00,2.699719915084904720e+00
1.326179681633379293e-01,3.216171675712035105e-01,4.500590639783944580e-01,1.397692732425054318e-01,7.150995876315957567e-02,9.378516838059671734e-01,7.925816552390156922e-01,4.658703885395777400e-01,1.732631341932058255e-01,7.364368662308081737e-01,8.298920145897344947e-01,7.123379156411119295e-01,5.680886730379215432e-01,7.989267148431516974e-01,3.808444524098228978e-01,3.607890890370547554e-01,7.298785049298098793e-01,8.157326526948922574e-01,1.090919016208259373e-01,7.922350108689379944e-02,5.735111329697285543e-01,5.807798552718802521e-01,2.939274240780003211e-01,5.981456305054874134e-01,8.015156600970572143e-01
6.503080529061754378e-01,6.051841853270786276e-01,8.222453469020918337e-02,9.488452367377404606e-01,8.624499354467133339e-01,2.738482769272618800e-01,1.033084141792324218e-01,3.749483398219438657e-01,1.559968998950644892e-01,4.086194523736925710e-01,1.363135030349141852e-01,3.552128737835842376e-01,8.449404702873425377e-01,5.936557624186307169e-01,6.502565078376221219e-02,5.045808056564143884e-01,3.030430409013430415e-01,5.948348483879282167e-01,7.395437127248088993e-01,5.840795838540702167e-02,6.492146209844558147e-01,9.283699643548529723e-01,4.769860897052049520e-01,9.601890745988119757e-01,1.311934228533667701e-01
2.857424236247360305e+00,2.147827744718922460e+00,2.868774179871589780e+00,2.411899707995368125e+00,2.118402121259008286e+00,2.282157334493329692e+00,2.375898496339502231e+00,2.538140173593887994e+00,2.402628257286518298e+00,2.271909675345615831e+00,2.813232481795351791e+00,2.923359469184645842e+00,2.354670529467529860e+00,2.525291530407962615e+00,2.134567320056352191e+00,2.441483032776161632e+00,2.327786699388523672e+00,2.316510836360837544e+00,2.562347907001524927e+00,2.748867368441200831e+00,2.626523734766199603e+00,2.922328045754251757e+00,2.069978990451763590e+00,2.171050720745256957e+00,2.165821656793121441e+00
1.836941613956846631e+00,2.605615573999348733e+00,2.154131798905265960e+00,2.157941560990510599e+00,2.201975321785337059e+00,2.329742320632130159e+00,2.463285836734600220e+00,2.551755427728826575e+00,2.371402280932975337e+00,2.513271179892996532e+00,1.901609462696494779e+00,1.967528190487266349e+00,2.378384526891236028e+00,2.401593908132920951e+00,2.256979734563223872e+00,2.677265571338300010e+00,1.834652815039034213e+00,2.577024206386087535e+00,2.227773700479001473e+00,2.219602602145763992e+00,1.855552815736992933e+00,2.505242763494882396e+00,2.651496006068894129e+00,1.895107486638582195e+00,2.403347787815258041e+00
2.105730490073976391e+00,2.742246421377853238e+00,2.766267996720078948e+00,1.973424611234698700e+00,2.295764482979757659e+00,2.422874594840869644e+00,2.671050210381816115e+00,2.640926239440738676e+00,1.945929990566352519e+00,2.356666434435855439e+00,2.740807887453367009e+00,2.639644574869624005e+00,2.431408357275375742e+00,2.043313198218385196e+00,2.908835214012534198e+00,2.093613049447107244e+00,2.616627354125700577e+00,2.656940048642675301e+00,2.421755774887972557e+00,2.372117324577975417e+00,2.115003357147425156e+00,2.854094446806639596e+00,2.807972265698534642e+00,2.691303202276418283e+00,2.133183146639755723e+00
6.005362420359230402e-01,1.283602791738516213e-01,1.967288997993842381e-01,5.896139708948161529e-01,9.488175264982503521e-01,2.963571325408622670e-01,3.018105524809365781e-01,7.472132791682062347e-01,9.145081501873446594e-01,8.612243957268397310e-01,2.184492279757863642e-01,3.315949240949760402e-01,8.943354541873214103e-01,6.005838059737222956e-02,3.607348892533962514e-01,9.485191153319044721e-01,8.115523996913446281e-01,3.386416376698619946e-02,1.842885485382076416e-01,1.416508581442422754e-01,7.197240089853879086e-01,2.433594633206265234e-01,7.420928786564875423e-01,9.003495562209066216e-01,4.187382722725896400e-01
6.645738201871398410e-02,2.503546330167460976e-02,6.346629475987268787e-01,5.975802987342456740e-01,5.868748866572671696e-01,8.245092585632907145e-02,6.222972053435624762e-01,3.623558389035598237e-01,6.750914440902618940e-01,6.812186375839974772e-01,3.406131552927460504e-01,5.874983809564866544e-01,4.847901175431141851e-01,3.027918912416388553e-01,8.749578178365429171e-01,3.550359269992710010e-01,5.453576615110846681e-01,8.575166777730751644e-01,8.692185419564943949e-01,8.839985510830721260e-01,8.719966785807472531e-01,8.211511802529010140e-01,4.565049471683173543e-01,9.348133631020909551e-01,1.004908752578481668e-02
2.755869823221897885e+00,2.181153880762112252e+00,2.713024465165303933e+00,2.069693464030301744e+00,2.061654609141457151e+00,2.533482321373929924e+00,2.808479679572221333e+00,2.022765059388884179e+00,2.018461454437675329e+00,2.660671066479304958e+00,2.707308301065883605e+00,2.887824871175130870e+00,2.286811594865367780e+00,2.217209135405347809e+00,2.947566801969407901e+00,2.401012683177733642e+00,2.546442775973546624e+00,2.839352471712258019e+00,2.913838864512301896e+00,2.848893436476346519e+00,2.730684287589686843e+00,2.822098292408513398e+00,2.014968998067951489e+00,2.876359847279074788e+00,2.547789044215267751e+00
1.969532154072035635e+00,2.069275391950626819e+00,1.888199459164626282e+00,2.078441994298332318e+00,1.847359643434947074e+00,1.825048795387582468e+00,2.242775964191846327e+00,2.394404749608705529e+00,2.134766545328584897e+00,2.099805288117483570e+00,2.186573994076832950e+00,2.322305877599000201e+00,1.953598139769345599e+00,2.559542870757250288e+00,2.511513835295404728e+00,2.714647321109680878e+00,2.025984919109437232e+00,2.174458923813061162e+00,2.663153030320156489e+00,1.767395901285915505e+00,1.902053751724814390e+00,2.399436519951968272e+00,2.102528447508786424e+00,1.959510424625599656e+00,2.015816792558067672e+00
2.539361139669518153e+00,2.109248656869469496e+00,2.435538241580779140e+00,2.872394478021967235e+00,2.834759753786422642e+00,2.139442939996637261e+00,2.336489245288861039e+00,2.532541236067517687e+00,2.306473840533344699e+00,2.497583060365221375e+00,2.203833250271542088e+00,1.992081919928689882e+00,2.703033572125091322e+00,1.996156697007597680e+00,2.275045239469922098e+00,2.462695997934570169e+00,2.057003649864022510e+00,2.835334868817192877e+00,2.445221364880837633e+00,2.265860628810191457e+00,2.092210406368627318e+00,2.475590835116564303e+00,2.344308697248509432e+00,2.660728004395208401e+00,2.335893194525785699e+00
6.170747646366252503e-01,8.417930656454202243e-01,6.722248186069271769e-01,9.435775370133271389e-01,5.589863517178061958e-02,8.199041872903041206e-01,4.277899440180097379e-01,7.467218747992271366e-01,3.087194306896484663e-01,5.329005961546109393e-01,2.267605638153435965e-02,1.842310125579749158e-01,2.266508645130542732e-01,1.710896142297526623e-01,6.786855425786230134e-01,8.640526308193816618e-01,4.076450739477616159e-01,5.067362186920303380e-01,9.320078712289444622e-01,1.635444621532909926e-01,3.158019081874696710e-01,2.030627648689222742e-01,3.661808998175408725e-01,5.216231396489025007e-01,9.735564031688916931e-01
2.807624076734254182e-01,6.582647990048428044e-01,9.860275183522863029e-01,8.781153397557047713e-01,3.934422244412982828e-03,3.771022635116005883e-01,8.803476686125246697e-01,4.348938349555011573e-01,8.246097296573174917e-01,2.767441311701505091e-01,9.442925407270182925e-01,6.035280864188247163e-01,4.982332953729717850e-02,1.587537515644763531e-01,6.281469879008817481e-01,5.881771821689044666e-01,1.569129316110906558e-01,5.302356606128582062e-01,4.148163050308880662e-01,4.177116582094779762e-01,2.604482352357944119e-01,1.369380357277332205e-01,5.261782811221901168e-01,9.739675197705652820e-01,2.046196477727966201e-01
2.642871070581751081e+00,2.240835480555247283e+00,2.670888440072296532e+00,2.907747510246672995e+00,2.749013467574189740e+00,2.124343749206790921e+00,2.816828380401097398e+00,2.074495540990523690e+00,2.419270079058790657e+00,2.289080205758140529e+00,2.779348261601243486e+00,2.218536110547061124e+00,2.961862813797363270e+00,2.606568342301944785e+00,2.937860876804215593e+00,2.475244646942312166e+00,1.996364957712887023e+00,2.043519211633117116e+00,2.588926067887729054e+00,2.382774126435579731e+00,2.370212288862080019e+00,2.298558414975867326e+00,2.500703402681703658e+00,2.201627236855050462e+00,2.615826166950780518e+00
2.553281918713301124e+00,2.724599446442217410e+00,2.394763768183736374e+00,2.582399781454014942e+00,1.966968086081954503e+00,2.025120491326237726e+00,2.093544500538574660e+00,2.507916201934793143e+00,2.092685414082892770e+00,2.419640700344574125e+00,2.189855223017061814e+00,2.623633681899018910e+00,1.928353169242724929e+00,2.609081511283288357e+00,1.874324802409444990e+00,2.174452593350077123e+00,2.412950853908397253e+00,2.298590723141622494e+00,1.804760958750406985e+00,2.600500695706440712e+00,2.060687539708722316e+00,1.789690330548191044e+00,2.045030415164845738e+00,1.838704120930868768e+00,2.616961619601150701e+00
2.545756554207151634e+00,2.635654991018249849e+00,2.771260756611968024e+00,2.161408985974221153e+00,2.682117938632975651e+00,2.793821619035310899e+00,2.163249357006005624e+00,2.516450763557951387e+00,2.101790056660187034e+00,2.479789843807044925e+00,2.759562986157943598e+00,2.202053053247087444e+00,2.794346573933771172e+00,2.821356269993778643e+00,2.679477129312558770e+00,2.968011497105380592e+00,2.909118794305812994e+00,2.652784156883535971e+00,2.663891846735782831e+00,2.365653511536769393e+00,2.922614692483537446e+00,2.988660871067399860e+00,2.931807633130205204e+00,2.965573039682279255e+00,2.987520552796874895e+00
5.174558172689237567e-01,6.647174648973350752e-01,3.448802121218613737e-01,6.936316115996936649e-01,5.224772814753124717e-01,4.644277346403050677e-01,9.230407874677677427e-01,4.666915530736218676e-01,3.996058326800341343e-01,1.690490425044186562e-01,6.792624712394418340e-01,5.780826931508410427e-01,4.164436710736357794e-01,9.617978823721086146e-01,6.200515086024892542e-01,5.943620987920693599e-01,8.655881621945989979e-01,6.661322490954018072e-01,7.111132332425207370e-01,5.863369622032490458e-01,1.914477434690184943e-01,9.366319859161188477e-01,1.000914623073662080e-01,5.542153784159281615e-01,7.364584042554590537e-01
4.026738377569538674e-01,9.808908939942706517e-02,1.256540452406016417e-01,8.117900838900483640e-01,6.452426183099161383e-01,9.298712587515364225e-01,4.977990622492858286e-01,6.883225746290622116e-02,4.875168093810813286e-01,8.957997819630869607e-01,3.550252436288806601e-01,8.012086506301518973e-02,8.124718957851871926e-01,9.915218086007518972e-01,7.760802328194646993e-01,6.144749890063654352e-01,8.669263166481622207e-02,7.588450876870229678e-01,1.568851731853959652e-02,5.772398068704629459e-01,4.740781785659446967e-01,2.399820408508359648e-01,8.980946685476381974e-01,2.853561297811951780e-01,6.207630007436797381e-01
6.419866813066832378e-01,8.254829172294987361e-01,2.536426681299617236e-01,3.911312102270660951e-01,1.283526940782475645e-01,5.607839871789700448e-01,2.239420486713878944e-01,5.164432723571673600e-01,3.972906467805190633e-01,7.901114005482566816e-01,7.727105719762437097e-01,8.404098471995938846e-01,5.564579224282503178e-01,7.241776037953489009e-01,9.727165935570357691e-01,2.196205132286142003e-01,7.273785151543596950e-01,4.084913252592113908e-01,3.723405312043959192e-02,9.502797449436081179e-01,9.292093799114520269e-02,8.778366244737320079e-01,6.490960148627195059e-01,6.760747864900257253e-01,8.320126746212380686e-01
2.642083394367765958e+00,2.388951021795212348e+00,2.594443345963845626e+00,2.011246042377250465e+00,1.875314590474703724e+00,1.972511312215872836e+00,2.752147266445953200e+00,2.372868780619886930e+00,2.149176690038104187e+00,2.159897912000352083e+00,1.866041923508763967e+00,2.274664801012822313e+00,2.314249632126768041e+00,2.491963417829224259e+00,2.707096828296032598e+00,2.304342007615022503e+00,2.206039532724100027e+00,2.161292796165754204e+00,1.934646787528457201e+00,2.244099490229063409e+00,2.722530765220801285e+00,2.584332161832840313e+00,1.937079077364886937e+00,2.300568703996794362e+00,2.533492393800316655e+00
4.317685998619416043e-01,9.095341043886827626e-01,6.967331994588971122e-01,7.150307267737063821e-01,5.011183835090013972e-01,8.298066850697750629e-01,7.774284028684350645e-01,9.701245550079172775e-01,6.310166677988493511e-02,2.290889007126781785e-01,8.919434608808218812e-01,2.307589447737046218e-01,8.138339386709806389e-01,3.681817810510701339e-01,9.185743598622657657e-01,5.272477574691962765e-01,4.312982603224330136e-01,1.506701476991665345e-01,4.301923542674261913e-01,8.339945819061059806e-01,3.647262591004802879e-01,1.539568964448210231e-01,6.748796589982176686e-01,3.859354546013020748e-01,5.255378721326698921e-01
2.097508662991804940e-01,9.902919641434050346e-01,8.598590132170166322e-01,9.447016149101640226e-01,3.587268521306252733e-02,1.230053962815343960e-01,9.352044057940767097e-01,5.161190933135575420e-01,2.746476130129174020e-01,3.449881833770426232e-01,9.681188599459801258e-01,7.585705262446531538e-01,5.558413564735065204e-01,5.376056734114774693e-01,7.856335830655071240e-01,6.259777050743238203e-01,4.130845363614609189e-01,2.060738314650550906e-01,1.328081179145523816e-01,4.557521002711141245e-01,5.793179621683961500e-01,9.345559327264427729e-01,4.298723706480755968e-01,8.096530196067819318e-02,6.385876845953536440e-01
1.392169847484001632e-01,1.361088265019210208e-01,2.565475412460752613e-01,3.870603746375870235e-01,3.870721554566971534e-01,1.647430904068103441e-02,1.750091209823912974e-01,9.979093134007054333e-01,2.967559564179343967e-01,7.746699236298747460e-01,3.961525514690598104e-01,9.450371961799741705e-02,9.502569870161287069e-01,3.174728924091988480e-01,4.626434209919795260e-01,8.516284054191265440e-01,1.124662946107162220e-01,2.811946337973014742e-01,8.711998983408754116e-01,8.638922573413937434e-01,4.332039449416513754e-02,7.478469179600221173e-01,1.480568253365052156e-01,4.120772958975138511e-01,2.936479459168058748e-01
2.720522412567606629e+00,1.994258537510858575e+00,2.913683129929629523e+00,2.936350937316732690e+00,2.139670463587762139e+00,2.019346246984534243e+00,2.279933011096782369e+00,2.954089801460350717e+00,2.554166184568560372e+00,2.089545602262920632e+00,2.005232911404461582e+00,1.984057945807868872e+00,2.483884000315188079e+00,2.719436684826269879e+00,2.795606734726461262e+00,2.441487050386661029e+00,2.386966474455245901e+00,2.120257553604698586e+00,2.174305328522642800e+00,2.153998686990356681e+00,2.185940678290106742e+00,2.362328688776860641e+00,2.701466966206511611e+00,2.844386003694163279e+00,2.633274495411542571e+00
2.199138269337267637e+00,2.389404218838419247e+00,2.523496383680000399e+00,2.410641055220237750e+00,2.157845260361756612e+00,2.690065633301868875e+00,2.314589469467654759e+00,2.844043901846701417e+00,2.141267089673616564e+00,2.765963609036246051e+00,2.015634284813119681e+00,2.099064165375635671e+00,2.819467877696951508e+00,2.843644566972897358e+00,2.378650153491687735e+00,2.648096350648899477e+00,2.675916163420405613e+00,2.324857718006847929e+00,2.206556297539192801e+00,2.146578067802168643e+00,2.531154557323620491e+00,2.575512269919252084e+00,2.137468115132881152e+00,2.039502543972357529e+00,2.155048434481034558e+00
2.620378146391834751e+00,2.313730216882885493e+00,2.850272227499180744e+00,2.591196458841380057e+00,2.783560957533476987e+00,2.315903255611205580e+00,2.902012031915691459e+00,2.911484670104166561e+00,1.984731368755046521e+00,2.418387874455889985e+00,2.293262927480599789e+00,2.390427530723004068e+00,1.998263324858995604e+00,2.721534293042743524e+00,2.405901944087908806e+00,2.733901919115947265e+00,2.632593188715504073e+00,2.757317461638273848e+00,2.836269468021425766e+00,2.005680649542697758e+00,2.004682638453778587e+00,2.169650488707490776e+00,2.953455732235214182e+00,2.630760255030761829e+00,2.638409380411549598e+00
9.779903504123422797e-01,6.028664987070102566e-01,4.702906135362807660e-01,3.492024897594349087e-01,5.670778086670206219e-01,7.218382632618982608e-01,4.577725176004234786e-01,3.542740029951773062e-01,7.408345961532469826e-01,4.571696237580901157e-01,4.170674530122134849e-01,8.619021698407791643e-02,6.091992414585079008e-02,5.920113658030061732e-01,2.242970192856915679e-01,5.545819632539350508e-02,5.467172007690573876e-01,1.995907747953620248e-01,4.317559959319936524e-01,2.750801444598651724e-01,6.669219754881775541e-01,1.849791744099830160e-01,8.263936926541662897e-01,3.710341711249496299e-01,5.588882744172274375e-01
6.223111524172267872e-01,3.424046161358876850e-01,6.147735024654275016e-01,7.098296850511904843e-01,7.377755991353893705e-01,9.391814222521396305e-01,5.589961570599230045e-01,5.675475881999233474e-01,9.211217993700009377e-01,7.113746770105504602e-01,3.014834606231510117e-01,9.180147966928632330e-01,6.808571869819244338e-01,2.226511081870040654e-01,6.629915258341229078e-01,6.433516969853062539e-01,9.415784638645441351e-01,1.274627068184054357e-01,7.497118908047960550e-01,4.616714348275080537e-01,1.233609879430542788e-01,5.561735793790977267e-01,6.129060100870894479e-01,3.956939630937535979e-01,4.513411452336357765e-02
2.565419890911701639e+00,2.840892586820177090e+00,2.616269096651870019e+00,2.970828917324105589e+00,2.264338570165905118e+00,2.076218306849670459e+00,2.910968967792995077e+00,2.017259916801462438e+00,2.442128375659148531e+00,2.562069734853166025e+00,2.643313837115397469e+00,2.864527261695096083e+00,2.128472675388200841e+00,2.550836977247572523e+00,2.013012973649679793e+00,2.077048845174559233e+00,2.877821754262976928e+00,2.001717577344434229e+00,2.212557252883542436e+00,2.253261774796412986e+00,2.690838525302044371e+00,2.691288190575544359e+00,2.659408440320597311e+00,2.019738820922206912e+00,2.936844381875180154e+00
2.457968928983381041e+00,2.430099335132490879e+00,2.858941143547228503e+00,2.899519982988325140e+00,2.720314638348269476e+00,2.908867107323156898e+00,1.993221388769716107e+00,2.814810280086257777e+00,2.377142186726274975e+00,2.142064794967110331e+00,1.953749595838971009e+00,2.284389934985352255e+00,2.015749374192989496e+00,2.115819687489973067e+00,2.520399937746658825e+00,2.722615489632582264e+00,2.465203055042040514e+00,2.214050634236389481e+00,2.587917128794511523e+00,2.159115542929993747e+00,2.757705875697310294e+00,2.604929981588040455e+00,2.697827446167813115e+00,2.456831032412055915e+00,2.551301941626206826e+00
2.030778722435272243e+00,2.839785738844931462e+00,2.728303023894386392e+00,2.950573908114451083e+00,2.469442640093167718e+00,2.573089136140689348e+00,2.023141705625421061e+00,2.488483803568549035e+00,2.616810829417323347e+00,2.944000198732186213e+00,2.015689115489979422e+00,2.453424911854164669e+00,2.262497552856684635e+00,2.938251062147783088e+00,2.151910395882570270e+00,2.403287800147830833e+00,2.763664390351550537e+00,2.277610490785473729e+00,2.414894036401036725e+00,2.160929297734161647e+00,2.476186678984461320e+00,2.163698877247715924e+00,2.189373830021350109e+00,2.046987637619798406e+00,2.624290812171719001e+00
1.058703893998775847e-01,4.883405944192115156e-01,5.888512810870216718e-01,5.007766055953639661e-01,2.784745111219986136e-01,6.938562754812329647e-01,6.175889422459912570e-01,4.323499218795014976e-01,7.740263973407055520e-01,2.199609748526121233e-02,7.121975820432258075e-02,4.713456195475902444e-01,1.387026355228229146e-01,3.430587150694822673e-01,7.585582236442223181e-02,1.534108381560033152e-01,3.884885526455903459e-01,9.963730297262609614e-01,9.425631647836070215e-01,7.675486389746632998e-02,8.887535185163242257e-01,8.685693106622275339e-01,2.722325729799380811e-01,1.367424119715477948e-01,7.862753455534687852e-02
9.520621443206291890e-01,6.842448263386896601e-01,6.677811201265736463e-01,3.821121838342433907e-02,7.460561379938936977e-01,4.600775173177779065e-01,4.144994032203584977e-01,1.962605091282266789e-01,8.446186933394196350e-01,5.952882584607209759e-01,3.411837880746466656e-01,6.241120293657731466e-02,3.031059397531654653e-01,2.136337173117838217e-01,7.764364888566704925e-01,1.219250522921485613e-01,1.235592933948020944e-01,8.068444894840653969e-02,8.667975595852407400e-01,4.806622635951123268e-01,5.922745070566425296e-01,9.204561534936909206e-01,4.877396897144498089e-01,7.685903251693818605e-01,4.068596885313258138e-02
2.322006290584056831e+00,2.467504034566722293e+00,2.522344615628408171e+00,2.675613877403332008e+00,2.038020654260876974e+00,2.475651022784506328e+00,2.104843301188492610e+00,2.142041750140559309e+00,2.002748852019475834e+00,2.533285045744401387e+00,2.885227813436169519e+00,2.976946459340195972e+00,2.116662790813997219e+00,2.705990948971215282e+00,2.424139637612317877e+00,2.200906957850621737e+00,2.878087707961644703e+00,2.112053266026263643e+00,2.873259488143164564e+00,2.664355308913402887e+00,2.612526278490713061e+00,2.845942772542005450e+00,2.341089939120010399e+00,2.792534927392364974e+00,2.177620447514905688e+00
2.776860894312346506e+00,2.607401951454344946e+00,1.975910177445476812e+00,2.296679505221300932e+00,2.876590192645378075e+00,2.129173759264229471e+00,2.196765475342495222e+00,2.035680620863586476e+00,2.080438255451170448e+00,2.043373853413141816e+00,1.960288795223128488e+00,2.826588706511493854e+00,2.219914048678226504e+00,2.225566714810623292e+00,2.289538582093702423e+00,2.052572964144809831e+00,1.935646396285098270e+00,1.937847763857365901e+00,1.958673784299013620e+00,2.459262101676859658e+00,2.015688990103166489e+00,2.528776205618850526e+00,2.516871828609171136e+00,2.782052999201386712e+00,2.585000411336871640e+00
3.053688660426714385e-01,7.364462285831563371e-01,4.897090177911225251e-01,9.800972442098971893e-01,5.779482040236743057e-01,6.484021739315205535e-01,3.451015316155293666e-01,5.819884251327442914e-01,1.721236148729505810e-01,3.508877612240829391e-01,2.323588181801088393e-01,5.599412369510825549e-01,9.767818007269964964e-01,3.738134048914070195e-01,4.019258244962878868e-01,3.105221252522705200e-01,2.149085268251578196e-01,8.118881159719243401e-01,1.515802433996572551e-01,2.867427617273291540e-01,3.763086975396038314e-01,2.015403862399807178e-01,2.720051220982531159e-01,6.193928800762680265e-01,6.228509339063458272e-01
2.280336816704158220e-01,4.884700953767421305e-01,6.105427475499429768e-01,4.852725274541941358e-01,4.081853020135952637e-01,1.523682944183137877e-01,4.949744320499801509e-01,8.547840370362123075e-01,8.233236623068000970e-01,6.147867481185635974e-01,5.612925370801478131e-01,3.012309096026971611e-01,2.195833975139072081e-01,7.394548586335297768e-01,9.208601883040834490e-01,7.736641937074335562e-01,3.207769408740405170e-01,7.627943426274494954e-01,7.878807796382748529e-01,7.610008549721014592e-02,3.106917430311942896e-01,4.074024468939344557e-01,6.592120218624842876e-01,2.578752801938388739e-02,4.167902950669070128e-01
4.564346689044355143e-01,1.235480873848304739e-02,4.204343437049226084e-01,3.798635883562281323e-01,7.343549429885514179e-01,5.673367201065288024e-01,5.556816169566702879e-02,9.106590902701328094e-01,9.691914068252183156e-01,1.495966235492132146e-01,1.850158080974151353e-01,4.334146324873786593e-01,8.186181067771908237e-01,9.912259103156946249e-01,6.566901224631503942e-01,7.048215577011647248e-01,1.346928052915372653e-01,6.941112620082773299e-01,9.964597038612725832e-01,2.848540742620694344e-01,3.053890370448252289e-01,4.525006752973061985e-01,3.885525112230492351e-02,4.200597765860137889e-01,4.047365355655736519e-01
2.646666225784826132e+00,2.810974653127233047e+00,2.933814330515799096e+00,1.998879244931283328e+00,2.887997867058251344e+00,2.856607258851651121e+00,2.544786098514190797e+00,2.331391328061288348e+00,2.520147945582402738e+00,2.905335903169356637e+00,2.033069476507709972e+00,2.261997969555383126e+00,2.224101577197771462e+00,2.221906263482423149e+00,2.108361903939987236e+00,2.251794481219122623e+00,2.966367624796144131e+00,2.622677509751617730e+00,2.893814983881414449e+00,2.173806198991229621e+00,2.787615765392567280e+00,2.064586295731627441e+00,2.943865317078265154e+00,2.593374461352144777e+00,2.518842863036597102e+00
2.882362171432111708e+00,2.412197583411594515e+00,2.834202069063759488e+00,2.866869310597929932e+00,2.049281451445196467e+00,2.087491106856575573e+00,2.658817716324295866e+00,2.301751838763236524e+00,2.422696859921638080e+00,2.250283617622227172e+00,2.694302450752073419e+00,2.097557130093124833e+00,2.517255911333023288e+00,2.242141468632913970e+00,2.603077458309752235e+00,2.818371739621955641e+00,2.061439514158284414e+00,2.940910235179894361e+00,2.488174507733137197e+00,2.859932999656514596e+00,2.461907718875492979e+00,2.827813019147150886e+00,1.976372573321332204e+00,2.154602271372998423e+00,2.173603185661320936e+00
3.490761797932453447e-01,2.906686300360522557e-01,3.527347473633869468e-01,1.425380012202124291e-01,3.794239163107759882e-01,1.366851317631063711e-01,7.274020375531843330e-01,1.527888200055109724e-01,1.659014363123106905e-01,3.971993525551553716e-01,3.331323370731525957e-01,7.710413601809722461e-01,5.854262591048953190e-02,6.403123031811683852e-01,8.542149586423948282e-01,8.730188746821149204e-01,6.657341820435691560e-01,9.102518042539422538e-01,6.290947155491415366e-01,2.364158762252384083e-01,5.868439411293704389e-01,1.272965235563230380e-01,2.679732225073556684e-01,3.132020221886471223e-01,4.221456545631075974e-01
3.053613650595421447e-03,5.652883307604702479e-01,7.339800070930992959e-01,9.877601950336813985e-01,2.441644719782126716e-01,6.602850374546698209e-02,2.123691479352806111e-01,4.171957100948456842e-01,5.145844638166769958e-01,3.768798677739942926e-01,3.003739545265639022e-01,3.238516560856703475e-01,9.578976995114604209e-01,2.607978478959758206e-01,2.681391490080901052e-01,4.750305234009981614e-01,2.771126096005726014e-01,3.513781668995201724e-01,7.230012886245521520e-01,4.765695130528413426e-01,7.806146940042820725e-01,6.322755932693678860e-01,5.655172369553322920e-01,2.445114585679589725e-01,6.195431856280357863e-01
2.857323201148187497e-01,2.616524645969411367e-01,8.227976853723000250e-01,9.068273225666704240e-01,6.939666094104820493e-01,9.536344349012690902e-01,2.507131295512496916e-01,6.152640225726787593e-01,8.491479947193244504e-01,6.976425372264888347e-01,9.558464658472453079e-01,7.524296900214325623e-01,7.613647866796773300e-01,1.356773709878662526e-01,3.244075958409216032e-01,2.719671927909358411e-01,2.588681299120331181e-01,9.547374222698798985e-01,8.124791001284682457e-01,8.956089441651509109e-01,3.519490045402197120e-01,4.678874087288437122e-01,8.377447339409138660e-02,4.952533015477541545e-01,7.095099026080669002e-01
2.531815025435070421e+00,2.164711368658954083e+00,2.616404643930913210e+00,2.241593611277888698e+00,2.397887857848048920e+00,2.438988016470865716e+00,2.252514117878776645e+00,2.873717736049028471e+00,1.982886648786261086e+00,2.276879677456855156e+00,2.784920035657979298e+00,2.112856879261510556e+00,2.192060406811908724e+00,2.587551118047344723e+00,2.906933921911894370e+00,2.808690027962289726e+00,2.416140420944867806e+00,2.305698668025127684e+00,2.694789770876427237e+00,2.161230119496122093e+00,2.313891296614277948e+00,2.482771380574580800e+00,2.797727246956008607e+00,2.133635102243478965e+00,2.396138225328441784e+00
2.304017302475704909e+00,2.952168384015625868e+00,2.944621590846738357e+00,2.152120269763078131e+00,2.041428197936878242e+00,2.852958272644726900e+00,2.916816554826154206e+00,2.717721221457607417e+00,2.197574213888278560e+00,2.447088648823401158e+00,2.022339092762781121e+00,2.009545221845933760e+00,2.304449734811603978e+00,2.149726252933707116e+00,2.493472315951394513e+00,2.935460620741557225e+00,2.973428882748699653e+00,2.189567660206437782e+00,2.093748708981589157e+00,2.531433905664734585e+00,2.155003053040184469e+00,2.757289561852517945e+00,2.333660253933463213e+00,2.270784371646049404e+00,2.227975844867861710e+00
7.668964515234684143e-01,9.866363421267476674e-02,5.291346202678524069e-01,6.744430570416239945e-01,5.067857683458553142e-01,9.865566424464520257e-01,8.253549830086791550e-01,3.121378018238918362e-02,8.860131381367912784e-01,9.284320070022057392e-01,6.673247512158627659e-01,6.941204759767016785e-01,2.142222888057665475e-01,6.500052917098519956e-01,7.360312089235706567e-01,5.118128370416790140e-01,2.156503378527756531e-01,5.360066529225215870e-01,9.986368747880836061e-01,4.160277288912928029e-02,9.037812988947468984e-01,5.811586726105559819e-01,6.975436342008582979e-01,1.195190097947430585e-01,9.044405272809857843e-01
9.078228617718794302e-01,9.103902571949098466e-01,1.303215447354638679e-01,5.541239204151348074e-01,9.353799738040728950e-01,9.661068578903413417e-01,2.444344296118613480e-01,9.723081090197094323e-01,9.166244389503453993e-01,8.522432423944925617e-01,6.276757366536148686e-01,3.351668657615614055e-02,1.044675666550923809e-01,1.203165187164506600e-01,5.714159005297606564e-01,9.074809735314004477e-01,1.812257650778106299e-01,5.287586793493342929e-01,2.988922878397398675e-01,6.513940413083039171e-01,7.438949884135523938e-01,5.653740322255947914e-01,8.486071929402961844e-01,6.333474903182714222e-01,7.343947751333766982e-01
2.824219225613752160e-01,6.978748279718137715e-01,3.950281103273789451e-02,7.532334745631087403e-01,9.222825790481327113e-01,7.705196156333881108e-01,4.716634886298767260e-01,6.519353350556135185e-01,6.479736547073242647e-01,1.954539541332378505e-01,7.753971168202041797e-01,5.716655493406858080e-01,3.521309562289297590e-01,2.144434427563444157e-01,5.738455382442497754e-02,6.144888958503923471e-01,8.329711820961706037e-01,6.941565896078142339e-01,6.285810239586553383e-02,1.457901611612004711e-01,7.256550588084406117e-01,4.347837007111594598e-01,7.047425323612737103e-01,5.046797901015288579e-01,5.938197155146709427e-01
2.790346645469435227e+00,2.144386651110783415e+00,2.295477976453034863e+00,2.265581984114788394e+00,2.935275544452872420e+00,2.777827943392070065e+00,2.482234853688755738e+00,2.325552432739373288e+00,2.278757238776579541e+00,2.489441761665757813e+00,2.898014823125351302e+00,2.916204892567356488e+00,2.710529902883221265e+00,2.793280497440775889e+00,2.093077325446970338e+00,2.778609270893411587e+00,2.652001596694727681e+00,2.894425576789971810e+00,2.136329935662154789e+00,2.331043769955586598e+00,2.874471245389861096e+00,2.736400046409650511e+00,2.822748417359194129e+00,2.675535792786082112e+00,2.407595077557508123e+00
2.106700843371967391e+00,2.318500689689199756e+00,2.896853791868767125e+00,2.277782423449604909e+00,2.774559550138806063e+00,2.476270974258331758e+00,2.768827863662655542e+00,2.088753201862308728e+00,2.384653522316807717e+00,2.952270347406575457e+00,2.876178598812689113e+00,2.632973113319597935e+00,2.226672428965488226e+00,2.779675847478485284e+00,2.584810598933892312e+00,2.319527422355940782e+00,2.210277999378437830e+00,2.486818647118166581e+00,2.774836972419180814e+00,2.507834510529826311e+00,2.928682433117985262e+00,2.933461797090699985e+00,2.058720157212099444e+00,2.403473676197199982e+00,2.071170830304451815e+00
4.561394489911867467e-01,8.898902586812806881e-03,4.517535412129741745e-01,3.802596638114996708e-01,5.114419204550181286e-01,6.198644006466764722e-01,2.806782252830033464e-01,2.127980462036831444e-01,2.350161412795067628e-01,1.377330550396856923e-01,4.045887619461177032e-01,4.787663418686458616e-01,4.294586752790046091e-01,7.148958997018313166e-01,9.301681528240661745e-01,3.491117528789287050e-01,7.037447268068440787e-01,9.276805984074357747e-01,4.259260682743869486e-01,1.526558776151901720e-01,1.602018333208415912e-01,1.416503293791843143e-01,8.824570415909714916e-01,2.225613566457379511e-01,2.661135717101354992e-01
8.412935275798012480e-01,6.098432879529067652e-01,2.279297859638285129e-02,8.269085334761128170e-02,8.673880809664280545e-02,8.579292243753801062e-01,7.485550381395575936e-01,3.735546886042154791e-01,9.466007345412507101e-01,2.103222928229656619e-01,2.247884808018913994e-01,8.212010006541531348e-01,6.059414147105744997e-01,4.947538405407547746e-02,4.374546794358002977e-01,5.279653680511880998e-01,8.211503933168520231e-01,2.241295239350671320e-02,5.751888238284780241e-01,4.782552181499307720e-01,3.456877196864165391e-01,9.570791946358001567e-01,7.174218101291857108e-01,5.078722805296874698e-01,5.292112924626068970e-01
5.537293924946038448e-01,3.644994786244573071e-01,5.890524753687782500e-01,1.181453225371864590e-01,5.245375400743053085e-01,8.240202748934313259e-01,6.356172248497782284e-01,9.105148491329611016e-01,7.570682698968436153e-01,1.685862485324320925e-01,7.001804196550757142e-01,6.953006497882437964e-01,7.648108164162488176e-01,7.072156227720038935e-02,8.081872051538292467e-01,7.893227705304312058e-01,6.063908620336938560e-01,6.992078361641052009e-01,5.507876571908741914e-01,4.087613089911886766e-01,5.101437268359059196e-01,8.583651647403967022e-01,1.311316240283589840e-01,7.258411381110250193e-01,4.421842900387283892e-01
2.172203699684286171e+00,1.942856735929188616e+00,2.346566262219080379e+00,2.559056759373186551e+00,2.578668043159287659e+00,2.043307567879851128e+00,2.181943195858318862e+00,2.090233800715977086e+00,2.140650510156617337e+00,2.167097728044517613e+00,2.367765540284773262e+00,2.726371207177671785e+00,2.321056147371652223e+00,2.070114444718635482e+00,2.839480227284743918e+00,2.291143879816672335e+00,2.261973707397982203e+00,2.597170336042085026e+00,2.868150494219119828e+00,2.527885682613689067e+00,2.516124542999106151e+00,2.852940079319963740e+00,2.847581181110302673e+00,2.419209583222291293e+00,2.412877681691012910e+00
2.915276296399521350e+00,2.231876186443041199e+00,2.242132222712601486e+00,2.969316706029790698e+00,2.574137807601909245e+00,2.302159857956952216e+00,2.192154567736932513e+00,2.180519768728379049e+00,2.278806466993288815e+00,2.951173932547825896e+00,2.199706955231476080e+00,2.538068466140259716e+00,2.094772565442019285e+00,2.601763471745680345e+00,2.886816886678564398e+00,2.719673640309173024e+00,2.735319838390774638e+00,2.392523757960427933e+00,2.144647317810907339e+00,2.339157853829399780e+00,2.296092071111841548e+00,2.116306902214938113e+00,2.375875468680797020e+00,2.726561675320574807e+00,2.197877564355989133e+00
2.286605700444245270e-01,9.117412418612645952e-01,9.453205732924068183e-01,7.891713200935241979e-01,1.758226672765339504e-01,7.788054996440768596e-01,6.932733166816219539e-01,9.779837807823535956e-01,9.694888767326922396e-01,7.835060867740080148e-01,3.225928982674239887e-01,9.925161937486303154e-01,1.532491454635329653e-01,1.758446979970469393e-01,4.018972644788978421e-01,4.155747926574479001e-01,6.772654744207357025e-01,2.790891343581625161e-01,2.095457060626946255e-01,9.817348465270624436e-01,3.554710750042766598e-02,8.470765071948248570e-01,7.800051850034720458e-01,8.245850238536633903e-03,7.719496128628812182e-01
