scpL,scpR,pedL,pedR
0.286511722835882,0.9272268198584224,-0.5006336870037182,-0.6686748986254253
0.2744916868813809,0.9753887595775161,-0.4692020621551316,-0.6642624628642613
0.2692713225732868,1.0115142526028333,-0.4453305641494072,-0.6547522651212885
0.2728644691289288,1.033049094552983,-0.431418800318234,-0.641905747796415
0.28409908554584073,1.0429322834706944,-0.4257260128917266,-0.6286204122547305
0.2993588322128564,1.047516108117611,-0.42350937376664866,-0.6176152091684497
0.3141274621684984,1.0536321795436687,-0.4192889757821219,-0.610624025234223
0.3249031994215281,1.0658675506822268,-0.409211840159752,-0.6078888478340767
0.3305692920776995,1.084930619838534,-0.3925311036586008,-0.6079894432780033
0.3324439083973343,1.1077626579855349,-0.37164625724471834,-0.608342081516152
0.3331440972419266,1.1294518949692849,-0.3507200297881421,-0.6063545872851751
0.3351822697498996,1.1459475244562851,-0.33359061803448586,-0.6005859328602277
0.3401347846994529,1.1558177854687663,-0.3222578486320484,-0.5911349074705778
0.3485608630347734,1.160078700885976,-0.3167491211776641,-0.5790998973443419
0.3603687151929229,1.1607728564329134,-0.3159395039817068,-0.5656091550946954
0.37524462016012006,1.1596257027856551,-0.31839811337438295,-0.5510685218842991
0.39287663915258664,1.1575120649078592,-0.3228281399050965,-0.5350266464897189
0.4129150079389059,1.1546890404121561,-0.3281805082285847,-0.5166517676488472
0.4348199725351758,1.1513739627472814,-0.3336079151759046,-0.495443293865224
0.45779770033492273,1.1481999772146825,-0.33838401174349797,-0.4717040722394543
0.4808905326836217,1.1462623470858513,-0.3419088102012804,-0.4465544892287061
0.5031346801695842,1.1468018982472874,-0.3437962135175754,-0.42159549385719064
0.5236781030811475,1.1508079245891059,-0.3438567301175164,-0.39841811435623353
0.5418327023375635,1.158750626683853,-0.3418816332089869,-0.3781036263441735
0.5571060761759001,1.170424699167627,-0.3374581070143239,-0.3608627673790552
0.5692879910208006,1.1847976264808908,-0.33015903754252096,-0.34595624382769485
0.5786564232248004,1.1999100342400635,-0.3201199357532367,-0.331918443362627
0.5862433900467898,1.2131370072380643,-0.3084751828760588,-0.3169935985098167
0.5938971051637005,1.2220618764452056,-0.29707258026092465,-0.299708842122133
0.6039049151993694,1.2255438317048883,-0.2877200718080761,-0.27947925132744733
0.6183172852884042,1.2240839802470835,-0.2818408277534059,-0.2569544133463111
0.6384142183610408,1.2192387851485549,-0.2806949933665015,-0.2338076723479332
0.664646813621659,1.2126979884971671,-0.28549229916316143,-0.21200143466326105
0.6970012571259856,1.2056137576375443,-0.2970337226500428,-0.19289363708820106
0.7353034529038842,1.1983920866066504,-0.3150820010086681,-0.17661655472785132
0.7788180035636925,1.191071303214281,-0.337721319169499,-0.1620597376662547
0.8251035609530133,1.1842132809466577,-0.3610536796632293,-0.14764336652325372
0.8694694726471053,1.179499317252767,-0.37994616265133674,-0.13252080207115435
0.906807992441369,1.1788889778616285,-0.39023283967825506,-0.11698938584743468
0.9349447198729299,1.1828497597645709,-0.3910303293700659,-0.1015656568326222
0.9558838503240672,1.1898810437080423,-0.3849051707652327,-0.0862069968191077
0.9737362006653496,1.1978634286972003,-0.3758355148776338,-0.07069464157533423
0.9920855252792056,1.2053868542559691,-0.3671308362871739,-0.05515383161646259
1.0129826886618947,1.2119178388162173,-0.36067468054068597,-0.03993611243132156
1.0372385200930228,1.2173151578233998,-0.3571685413817349,-0.025266647630378225
1.0649767778612755,1.2214204618202618,-0.35663851663176516,-0.011109200479102244
1.0959367828214988,1.223948075231104,-0.35880723536290127,0.002720865743240042
1.1294645926503655,1.224625911847445,-0.36321227008159607,0.016328624505505207
1.16432475230608,1.2234772196561774,-0.3691232855722717,0.029515615137257756
1.19858478503438,1.221060396668594,-0.3754736688498972,0.04166478873558477
1.2298462265226535,1.218447222427849,-0.38104023851809976,0.05181624612639357
1.255900155619401,1.2168563943709318,-0.38487015633260113,0.05893191313478274
1.275533080273872,1.2171183178692049,-0.3866859631192341,0.06223635853837628
1.289005259876451,1.2192966226194897,-0.3870055904331662,0.061472256517653534
1.2979059857684678,1.222692448651265,-0.38693599780393617,0.05696554633699713
1.304491258478979,1.226223796401129,-0.3877402821447369,0.049500174810275466
1.3108676014901635,1.2289866306045991,-0.3903048128581095,0.04007364656465651
1.3183758710262108,1.2307224947419235,-0.3947064074134201,0.02962685882617566
1.3273777966523161,1.2319344637434333,-0.4001510079644037,0.01883574997366
1.3374825931480272,1.2335378547732943,-0.40542134319263634,0.008020455533753301
1.3480772792260847,1.2361986456098424,-0.40963334553899067,-0.00282724298799808
1.3588617219111616,1.2397466857443407,-0.41285333148607894,-0.013937802719463432
1.3700850865358807,1.2430269384891655,-0.41622677661457774,-0.02560582602280892
1.382401513386351,1.2442600241661395,-0.42160368148367033,-0.03798000505827459
1.396504666340388,1.241703551451247,-0.4308867779351375,-0.05085293664405288
1.4127422962229466,1.2343550107666017,-0.4453461558684928,-0.06360723817543756
1.4308222614600719,1.2224901335924567,-0.46509621477192886,-0.07545078287920748
1.4496938039388816,1.2078024991396132,-0.4889443006148706,-0.08584446183409833
1.4677098812105345,1.1929429741382953,-0.5147499382225262,-0.09480992639231789
1.4830865366991075,1.1805624891154232,-0.5401595436966431,-0.10287821446004597
1.4944777723080183,1.1723260983251396,-0.563343981160499,-0.11074825924331977
1.5013750716069434,1.168394442562269,-0.5834274326642956,-0.11893807925734157
1.504135695344329,1.1675502235579733,-0.6005358853892406,-0.1276465023117126
1.5036649315693658,1.1677883955080726,-0.6155628418975498,-0.13682413365617552
1.5009551334480515,1.167022653706058,-0.6297955094020928,-0.14630718935410303
1.496697697997618,1.1636265833733626,-0.6445266675592636,-0.15589371407183394
1.4910628287737369,1.1567193579152448,-0.6607329223242686,-0.16535546414028857
1.48362701020862,1.1462589628876003,-0.6788555377067407,-0.17444789428485108
1.4734141897767552,1.1330200574688685,-0.6986980794459028,-0.18296103774643746
1.4590630280086103,1.1184495716580796,-0.7194488050528329,-0.1907945562800275
1.4391403667556162,1.1043481238497068,-0.7398247200549173,-0.19800775970950935
1.4125634837834016,1.0924030902335056,-0.7583182121703922,-0.20481658170285133
1.3790138737853406,1.0837336349498572,-0.773509048941053,-0.21155423424332498
1.339163154674956,1.0786584793286036,-0.7843652253892255,-0.2186309307192038
1.2945546789077769,1.0767894335916068,-0.7904120248112669,-0.22650772645413775
1.2471560386899292,1.077362120136328,-0.7916787060356014,-0.23567089767563476
1.198810237781281,1.0796078653527799,-0.7884560180994902,-0.24658530204840323
1.1508631610159823,1.0830150702381456,-0.7810135209643605,-0.25961078633957846
1.1041144574843,1.0874212722719814,-0.7694487071480276,-0.2748745170086071
1.0590720633618946,1.092922156550023,-0.7537795124367979,-0.2921217960573852
1.0163485065202889,1.0996227760917718,-0.7342570206328005,-0.3106229779965546
0.9769304415522562,1.1073498262873662,-0.7116940967727003,-0.3292457805645823
0.9421016004805336,1.1155094687583442,-0.6875436958047316,-0.3467427342796674
0.9130507684529046,1.123188897079032,-0.6636468661035371,-0.3621563999048958
0.8904179764541975,1.1294288413494564,-0.6418241110641818,-0.375130034596733
0.8740110125216605,1.1335249260867362,-0.6235246966289629,-0.3859517593591988
0.8627617938513337,1.1352778010697455,-0.6095941323294565,-0.3953332760953703
0.8548783182977682,1.1351730549006764,-0.6001057870346169,-0.40408529439126517
0.84812851224298,1.134442088398234,-0.594252260784814,-0.4128762413147147
0.8402387439959851,1.134873184273228,-0.5904268048645049,-0.422140123266471
0.829434486717155,1.1382463952871649,-0.5866638887720603,-0.4320534741115729
0.8150512274916353,1.1454913193167033,-0.5814108982668944,-0.44249258990265683
0.7978850663137458,1.1560219240155485,-0.5742551608893207,-0.45302530509193906
0.7798740487182627,1.1677952649664807,-0.5660813301699534,-0.46306283987540975
0.7631164523046317,1.178201248198485,-0.5584581868060094,-0.4721313266676186
0.7488012280911729,1.1852605655987354,-0.5526330342650592,-0.4800457940079528
0.7367041835920982,1.1884229171247342,-0.5487895029970404,-0.48687268300549036
0.7254618992731778,1.1886197261789824,-0.5459715060842061,-0.49279311932081993
0.7133680597304248,1.1876848147962655,-0.5426064374611099,-0.49800861102487803
0.699232396161596,1.1875080693243976,-0.537257065424958,-0.5027064991325063
0.6828891633599721,1.1893295347744561,-0.5292103405870565,-0.5070519416588362
0.6651786142716409,1.1934406684079544,-0.5186928376700617,-0.511212242765435
0.6475258489761035,1.1993017022364127,-0.5067328486906042,-0.5154199429741422
0.6314083875119625,1.2058797098373484,-0.49482741739023584,-0.5200221167021274
0.6179496112137617,1.2119864452770757,-0.4845678158911262,-0.5254328002520288
0.6077075911391807,1.2165149289515615,-0.4772888877641648,-0.5319579335172979
0.6006086548561045,1.2186046034763147,-0.4737480744299283,-0.539564066366724
0.5959615359369377,1.2178025013036933,-0.47386141294607387,-0.5477346127239581
0.5925360703127016,1.214232981846185,-0.4765768354714297,-0.5555373922243617
0.5887349624388225,1.2087071651985268,-0.4799809013217369,-0.5619114504143374
0.5829004151695538,1.2026444675930765,-0.48170916306651157,-0.5660360115894766
0.5737689817866165,1.1976804186172338,-0.47966761592867324,-0.5675719486071982
0.5609720318503948,1.1949899316580808,-0.4728993467308189,-0.5666520582426463
0.5452988067052196,1.1946656026744045,-0.46216752075134626,-0.5637095137011322
0.5284365195119667,1.1956306016582903,-0.4497933521971189,-0.5593444829374191
0.5122472755732324,1.1962187056904003,-0.4387171142056425,-0.5542691694069994
0.49802737660449914,1.1950110996907235,-0.4312960573615452,-0.5491810426338888
0.48618832204433704,1.1913851482064743,-0.4284779042424398,-0.5445010127408016
0.4764442110536051,1.1855812922744002,-0.429651405755896,-0.5401337815071442
0.46826335020650056,1.1784652238836246,-0.4330710190883298,-0.5354463091230369
0.46126578029590126,1.1712300979486765,-0.4365730664807319,-0.5295067710946729
0.4553922545935982,1.165128476673158,-0.4383247397636223,-0.5214605159592445
0.45088015970626594,1.161191260068427,-0.4374217692118483,-0.5108548275610508
0.44817337774533605,1.1599382574389188,-0.4341822538462068,-0.49778533010628
0.44780934696149677,1.161219608243163,-0.4300138872653221,-0.48285918980564735
0.4502440217492376,1.1643008454968555,-0.42687044921864614,-0.46702832102681335
0.4556481382469959,1.1681058140468592,-0.42653496777507605,-0.4513248545716242
0.4638055688849454,1.171444580975641,-0.4300620041669425,-0.4365429468934481
0.4741835752287047,1.1731865409783424,-0.4375648659123754,-0.42297190360398296
0.486083520787417,1.1724757372375214,-0.44828515587340756,-0.4103014907822258
0.49870522189518063,1.1690565526809458,-0.46074789065127786,-0.3977650820829506
0.5110627026924142,1.1636229927392998,-0.47288670434862357,-0.384493509281987
0.5219025613326329,1.157940962886191,-0.4822353309861398,-0.3699312395581873
0.5298986408598325,1.154472712744682,-0.4863866575413398,-0.35407189807680317
0.5342408093272215,1.155481312687123,-0.48375319204998335,-0.33734237208597917
0.5353361134309937,1.1620005397399775,-0.4743358303893668,-0.32022986958182575
0.5350616830550654,1.1732658088579604,-0.4600268766387259,-0.3029602689755184
0.5362485499159564,1.1869607042754267,-0.4441583798392974,-0.2854404378008779
0.5416800288364565,1.2001076764517142,-0.4304588874367228,-0.26738399388497225
0.5531967456184586,1.2100945552583604,-0.42190921722480756,-0.248419967064623
0.5712445925730707,1.215428333767597,-0.4199321035028454,-0.2281409024032055
0.5948355922174775,1.2160773771051914,-0.4241017875068118,-0.20620200857079207
0.6218171700701098,1.2133796839487268,-0.43240056166032104,-0.1825182044961673
0.6494194652193537,1.2095331178718347,-0.44193906877684674,-0.15743322078722866
0.674990878258297,1.206835446028578,-0.4498795013279435,-0.13169841844694496
0.696684296805608,1.2069847151320579,-0.4542095692039456,-0.10624575891042443
0.7138445257119947,1.210673323394503,-0.454151972477306,-0.0818856379190831
0.726980899377947,1.2175241716699297,-0.4501768464269349,-0.05907821031463789
0.7373613409774624,1.2263245700414087,-0.44365071107515663,-0.037855857603216414
0.7464156467645315,1.2354733270689666,-0.43622352599905656,-0.01788593209398015
0.7552509934870235,1.2434808305916636,-0.4292062279425257,0.001391534871824751
0.7645393416939965,1.2493151517041041,-0.4232679455332551,0.02061131286700979
0.7748024327742642,1.2524735334918182,-0.41861272332416877,0.040342012875482336
0.786826553415984,1.2528532122979215,-0.4154415993225118,0.06096758059368179
0.8018082502355566,1.250620191984752,-0.41426637161054436,0.08261222969406035
0.8210127522012747,1.2461948423813596,-0.4157637098031983,0.10513635039966562
0.8450971002501588,1.2403031533781461,-0.4202427195579268,0.1281997282118561
0.8735106232615797,1.2339794435961493,-0.4271180654951119,0.15134079044826865
0.9043897429757843,1.2284378038166626,-0.4348264324127957,0.17403971495336013
0.9351549598788236,1.224764440269692,-0.44138169753145573,0.195817709143554
0.9636253236783152,1.2235039049818175,-0.44531733597486656,0.21642002911886982
0.9890327942162459,1.2244170642866001,-0.4464025001388252,0.2359793742935905
1.0122709004837196,1.2266690959611313,-0.445632387890347,0.25498365837373393
1.0352088683996605,1.2293757465720265,-0.44450320614352257,0.2740312035260253
1.0594572893583765,1.2321887556500128,-0.44397768384169534,0.29353618025142403
1.0851731542080945,1.2356573262528938,-0.4436304800151498,0.31353499790388284
1.110475514277687,1.2412322974401253,-0.44140599903460775,0.3336445254472695
1.131945897913245,1.2508202842509155,-0.43425132325516524,0.3532069980102719
1.1462617222652804,1.2659231173936378,-0.4194683565075883,0.3716394574306543
1.152164934924037,1.2867276969080803,-0.3961295647271301,0.3888119998107691
1.151425034379899,1.3117290046637926,-0.36578635773640045,0.4051002656550171
1.1480568930107873,1.3382046161102061,-0.33208298549297965,0.4209870402781557
1.146404783113628,1.363251772164708,-0.29946814969894575,0.4365780273175197
1.149449966964536,1.384705308030527,-0.27168733712885484,0.4515175326576486
1.1581988016789964,1.4014616792317895,-0.25082081274473067,0.4653694094049299
1.1720327540636684,1.4132947160824172,-0.23717081894809167,0.47808915668063423
1.1894594881491234,1.4205557971193228,-0.22975432364136217,0.49019142582930053
1.208866646529238,1.4239837145428906,-0.2270028938590989,0.5025185267518559
1.2291213730575379,1.4245611892819927,-0.22740172408723947,0.5158080856745701
1.2498965331463534,1.423319747828266,-0.229902948662966,0.5303302048171343
1.2715851720326232,1.421153296469709,-0.23399589240897267,0.5457354703840613
1.2947993862407747,1.4187646354462244,-0.23943326507749751,0.56108976356673
1.3196882020682212,1.4167575417330904,-0.2457890512046399,0.5750024404894616
1.3454385091754966,1.415758961697892,-0.25213879469079026,0.5857910896249792
1.3702596324255665,1.4164366139334426,-0.257115531605713,0.5917008907356129
1.3919419152322436,1.4193568513124468,-0.25939229843796996,0.5912230899792557
1.4087640023372605,1.42474826566058,-0.2583611910339445,0.5834816671791978
1.4202543392955156,1.4323242737730104,-0.2546164808223399,0.5685264638861727
1.4273693920156836,1.4412955863541002,-0.2499528132937947,0.5473310780075364
1.4320499586432547,1.4505737053480796,-0.24687508129645463,0.5214473651777223
1.4364880805793094,1.45903630282817,-0.24786757329159226,0.49250858461940683
1.4424887619449598,1.4657047940100116,-0.2547426406799167,0.46185669090177006
1.4511149254710758,1.469784944635268,-0.26827596259957365,0.430411556089632
1.4625985712232559,1.4706469546608365,-0.28814913021146804,0.3986893342178288
1.4764317261010131,1.4678478390861365,-0.31311776869652785,0.36683410207837364
1.4915780904048597,1.4612056461769216,-0.34134616268398377,0.3346563292905298
1.506737508279611,1.4508560533174626,-0.37086991100545386,0.30178862469476586
1.520526095130385,1.4372761965684973,-0.40006397194744814,0.26799934150372184
1.5314429336322108,1.4213571621401593,-0.42789974849766454,0.23348833968624172
1.5376652032871154,1.4045568188974666,-0.4538317821864115,0.19889080706284235
1.5369296924850275,1.3889571273694419,-0.4773787860460652,0.16493006991595882
1.526830471670519,1.3769177696380377,-0.4977091344460287,0.13200772800041105
1.5056626146586018,1.3702324365736949,-0.5136121002660767,0.10008068355427024
1.4734824052823658,1.3691932644309635,-0.5240359867276057,0.06884268759562384
1.4326442310540046,1.3722410715288202,-0.5289482882987551,0.037927351769476036
1.3872431137673469,1.3765124622311968,-0.5298856169061004,0.006962886396107315
1.3417189371410458,1.3789142906944418,-0.5296884907389845,-0.024403149620294773
1.2995136010504496,1.3770896738092457,-0.5315598316191485,-0.05636950315276934
1.2623975026063388,1.369944584006903,-0.5380183220712371,-0.08879207714086568
1.2304265550105977,1.3577764746734076,-0.5501857575372913,-0.12109729616912435
1.2022657112365622,1.3421214089240885,-0.5675615019380797,-0.152393424660197
1.1757883170780965,1.325320501833466,-0.5883050023994392,-0.18173419063545038
1.1489617700720953,1.309790076641127,-0.6099646894607129,-0.20836992773513097
1.1208424093406424,1.2971853412086078,-0.6304357946834009,-0.23185048240848105
1.092215778887464,1.2878606003582505,-0.648764997689874,-0.25201353047880626
1.0654059298257281,1.280944670888317,-0.6653903600792817,-0.2689843385554005
1.043211194071339,1.274975849172571,-0.6816306300270736,-0.2832112210629203
1.027510215669045,1.2686941255590956,-0.6986832091071828,-0.2954441592668786
1.0182968744728744,1.2615564605449876,-0.7167295994874039,-0.306610581651916
1.0135916866334524,1.2538052872067604,-0.7346521426778689,-0.3176531808176124
1.010174472461305,1.2462097030264383,-0.7504321452399882,-0.32939732009522027
1.004728087424939,1.2397065785674015,-0.7619117148088799,-0.3424445523916828
0.9948746994198834,1.2351101942760123,-0.7674988622740979,-0.35707633464030475
0.9797157538030954,1.2329459309762094,-0.7665444024727284,-0.3732008545332237
0.9597830876655771,1.233378371815704,-0.7593559541671213,-0.3903912593767369
0.9365936919798479,1.2361789920042021,-0.7469872556167931,-0.40801409440304925
0.9120960411290184,1.2407076983016376,-0.7309800667696862,-0.4253919065974616
0.8881947640943104,1.2459348933091068,-0.7131616828237719,-0.44193611545607103
0.8663967527395429,1.2505615158822412,-0.6954901833579086,-0.4572140662902535
0.8475695672105372,1.253267305144905,-0.6798745918459506,-0.47094768645094365
0.8318374738411862,1.2530371159594043,-0.6679236852658905,-0.4829745439370343
0.8186633829016134,1.2494377899729305,-0.6606710818167298,-0.4932255045019769
0.8071105840289643,1.2427113617970889,-0.6583972949954597,-0.5017543507161055
0.796184497001069,1.2336323465795096,-0.6606433485329954,-0.5087940309914982
0.7851008183660246,1.2232059135485713,-0.6663926974761025,-0.5147747380309363
0.7733513959607996,1.2123807356771201,-0.6742871008704305,-0.5202690801875793
0.7605512509365853,1.2019282029185734,-0.6827534231168977,-0.5258938969597121
0.7462170062138707,1.1924928591087425,-0.6900583055379113,-0.5322262253077035
0.72972234716041,1.184678504325918,-0.6944324250092231,-0.539760154674978
0.7105652628581471,1.1790350079638952,-0.6943756089723203,-0.5488798357124018
0.6888160941076027,1.1759245607752646,-0.689096519969328,-0.5598014766299606
0.6654346454558038,1.1753420934951426,-0.6788999126341977,-0.5724648137436816
0.642214879929607,1.1767882240011343,-0.6653096643543701,-0.5864209609035459
0.6213526602538064,1.1792781565249162,-0.6508120045244146,-0.6008202879225683
0.6048385269213532,1.1815271070816507,-0.6382657128047688,-0.6145766821657391
0.5939412867192051,1.1822767846966675,-0.6301617913760047,-0.6266669856728293
0.5889616860585463,1.1806652161450943,-0.6279509869927338,-0.6364289302530365
0.5892697822890245,1.1765297900599427,-0.6316193180278871,-0.6437401377523746
0.5935391701709447,1.170523099135794,-0.6396674535509235,-0.6490403545906562
0.6001360697685243,1.1638952366600241,-0.6496257949395503,-0.6531910031473294
0.6076658201951022,1.1578942788399078,-0.6590526675098507,-0.657165554237032
0.615523144763308,1.1530568933180732,-0.6665814832861321,-0.6616543987283261
0.624092114875509,1.1489102374904063,-0.6723674201709391,-0.666813749211024
0.6343980676601966,1.1443622008929781,-0.677637475891,-0.672347511761033
0.6474500662305263,1.1384905600890756,-0.6837131383623716,-0.6778491557855639
0.6636894222720866,1.131180607669621,-0.6911630780156524,-0.683136982138132
0.6827465702100406,1.1233036612429022,-0.6994730437493428,-0.6883678090888322
0.7034808252687286,1.1164815174338196,-0.7072297746989273,-0.693893259819308
0.724247042965799,1.1126015309397732,-0.7126505376007939,-0.6999618288507284
0.7433463278854249,1.1132139843434035,-0.7142671049737055,-0.7064254903265266
0.7595145416314786,1.11898194338788,-0.7115069015237359,-0.7126110519793983
0.772195997916816,1.1294403210565842,-0.7048691155188871,-0.7174580700485158
0.7814545473605954,1.1432440680651044,-0.6955644811591284,-0.7198884458748178
0.7876389905370629,1.1588046268371965,-0.6848298707464695,-0.7192265714363264
0.7910726588071357,1.174952135978661,-0.6733459478793746,-0.7154515008489355
0.7919662863812018,1.1912422458519747,-0.6610944256258497,-0.709162944080681
0.7905747152998783,1.207765024598162,-0.6476941100222595,-0.7013010174781059
0.7874505394461369,1.2246389955263166,-0.632967575883195,-0.6927775548530142
0.7835684181170766,1.2415545359735787,-0.6173727897711572,-0.684195143435528
0.7801758002504371,1.2576445794519708,-0.6020424650511991,-0.6757481224324837
0.778427035930477,1.2717114667230716,-0.5884252767769691,-0.6672832013593687
0.7790087791064424,1.282639841675799,-0.5777415041891099,-0.6584347365848576
0.7819598643044714,1.2897774035576264,-0.5705329129129806,-0.648768443738716
0.7867686451602798,1.2931257732899017,-0.5665059032388131,-0.6379094873407829
0.7926823220259147,1.293287377020289,-0.5647049038104577,-0.6256376819157565
0.7990489284995752,1.2912320771205787,-0.5638905109233983,-0.6119246883750977
0.8054937379598821,1.2880267982779001,-0.5629229134269502,-0.5969140105422133
0.8118611664066333,1.284626559537262,-0.5610253552098967,-0.5808815792071494
0.8180657305636394,1.2816875928975229,-0.5579568607044798,-0.5642049655863142
0.8240742247675632,1.2793277592050747,-0.5541688647197549,-0.5473304161856838
0.8300511452122483,1.2769301172393108,-0.5508662543114629,-0.5307276411997427
0.8364325726626927,1.2732594822993484,-0.5497301499824381,-0.5148557270485158
0.8436848337496132,1.2670453143495852,-0.552179215786939,-0.5001520789706517
0.8517640242019933,1.2578347716757634,-0.5584235305599792,-0.4870160793885132
0.8595214829214157,1.2467041436058728,-0.5668212158747747,-0.4757909934232205
0.8644100120609091,1.2364418841373666,-0.5739646229809938,-0.4667921574178082
0.8629390519002076,1.2308943915166168,-0.5756501542235772,-0.4603281723648136
0.8521208391442276,1.2334107830894527,-0.5685253446997371,-0.4565431372761046
0.8312767320853567,1.2449915266911298,-0.5517469305452816,-0.45510161339980915
0.8027810299517235,1.2633493034492846,-0.5277218138249473,-0.4550941732109315
0.7709781008161878,1.2836850367998844,-0.5013767402312077,-0.45541244257332925
0.7401541326720305,1.3007032124396796,-0.47829044544913724,-0.45525324891524055
0.7130016850129768,1.3106232054428966,-0.4626520104419536,-0.45426318701206614
0.690076277647685,1.3123983364871827,-0.45585678156265375,-0.45236003914590595
0.6699122617093709,1.3080748496146877,-0.45606854495717974,-0.4496448214999966
0.6495986350264309,1.3022490048163315,-0.458886755703946,-0.4465423193470921
0.6259722119711755,1.3004272842019464,-0.45911470312763636,-0.4438203815562638
0.5972497235758747,1.3066789216245038,-0.45305278966695695,-0.4421836293529293
0.564169221816607,1.3218343097020502,-0.44016081363719173,-0.44173996015396044
0.529754027510466,1.3433510963238442,-0.4231606363481071,-0.4419112865316044
0.4979010800734496,1.3667844825479039,-0.40663407680555697,-0.44185823218120035
0.471840140200835,1.387768532353398,-0.39503995982668494,-0.44094946366339616
0.4532389141490867,1.4034241903978883,-0.3911551221076368,-0.43890755764664546
0.4419926687799809,1.4128735287122696,-0.39538479032320484,-0.4356941441814628
0.43642685413604965,1.4171281705821508,-0.40586226764816824,-0.4313790381525944
0.43379437135619026,1.4186050750932657,-0.4191359725107586,-0.42610779820727607
0.4310994345584025,1.420308000595559,-0.43128766979152355,-0.4201024906480211
0.4261266385329381,1.4247836042365774,-0.4392169568919726,-0.4135962914989042
0.4182473380364431,1.4332278257356492,-0.4416511649132808,-0.4067155495011243
0.4085505559880651,1.4451469370675931,-0.439498601832663,-0.399411324288067
0.39924597572892884,1.458675271695996,-0.43546579481613334,-0.39148452505960063
0.3927152348402143,1.4713417441664236,-0.4331270786479202,-0.38264529462598373
0.3906515578203462,1.4809773089493914,-0.43572874312958354,-0.3725387344671862
0.39350686740348517,1.4864963789716414,-0.44503511669085705,-0.3607482732481013
0.40027345173999085,1.488344803393646,-0.4605584406488814,-0.3468541308388302
0.40861021504432493,1.4884476513864087,-0.4794803248140058,-0.330588867089451
0.41537992438099636,1.489590052908388,-0.4973686259908725,-0.31201771367981124
0.4176081792829254,1.4944131800452258,-0.5094816846448238,-0.29162252888118223
0.4136583540501044,1.5044522114932737,-0.5122576370928582,-0.27025757737737877
0.40417673869727944,1.5196212539406966,-0.5045904122009659,-0.24906037058709063
0.3922889408650647,1.5382950071050268,-0.48851821282174135,-0.2294075422431765
0.3827879934320355,1.5578808320565887,-0.468962990370162,-0.2128992725551968
0.3806169662525398,1.5756099251969038,-0.4524091726351791,-0.20124711439960952
0.38937460070631214,1.589225082325019,-0.4449231097385191,-0.19597910855164846
0.4104389692127346,1.597379781645098,-0.45028976696024947,-0.1980745298961435
0.4428271381617619,1.5997858984951487,-0.46897536558741026,-0.20777287577996062
0.4836100320756933,1.5971798097896979,-0.49824466943351875,-0.22466651254237213
0.5286857430990088,1.5910570441183374,-0.5332858617541534,-0.24791773485692192
0.5736922579648376,1.5832072493793725,-0.5687327508973128,-0.27637133426262195
0.6147140145422474,1.5753421805621506,-0.5998062783728286,-0.30854021286754674
0.6484966794572404,1.569107774745413,-0.6226808846527241,-0.3426402440383758
0.6722966936416852,1.5664031069219,-0.6343186546988078,-0.3768168525651565
0.6839186695451012,1.5695599229049784,-0.6323546748292268,-0.4095199180201716
0.6824076860750858,1.5809013869224717,-0.6154649742452214,-0.4398281537807873
0.6691168562663137,1.6016093148627901,-0.5841688627903852,-0.46752532627922627
0.6480972782525372,1.6305105735565664,-0.5415196579530177,-0.49291490762914547
0.6250215006492694,1.663753151301979,-0.4929766903779058,-0.5165408415010174
0.6051941910168652,1.6958305502697044,-0.445159417913471,-0.5389474015044847
0.5920673768722569,1.7213761927632185,-0.4039704635875665,-0.560495930541947
0.5870060247080231,1.7366403034069249,-0.3730656525220577,-0.5812607523802968
0.5898726708851556,1.740032033211723,-0.3533458031734489,-0.6010332662106675
0.5996618726415945,1.7318863781551794,-0.3434108974770147,-0.6193981029921826
0.6148375143077549,1.7139243652306937,-0.340486310631785,-0.6358284096988566
0.6334623792525977,1.6887274559548393,-0.3413682652828378,-0.6497922192669919
0.6533291446064233,1.6593315731389593,-0.3431401221228163,-0.660883093435664
0.6722088988465584,1.6289078824977348,-0.34358938495732216,-0.6689571920771279
0.688211909595339,1.6004194249655241,-0.341378812659451,-0.6742153652542588
0.7001920472568275,1.5761680853279691,-0.3360784636350651,-0.6771762149397487
0.7080949929353169,1.5573022214566061,-0.3281346565025056,-0.6785630929679982
0.7130968679952661,1.5435451692042377,-0.31874519688707825,-0.6792003360575205
0.7173646876429369,1.5334169265817312,-0.3095251342663683,-0.6799694304660422
0.723425508827797,1.5249223070803823,-0.30194596469307866,-0.6817286812718105
0.7333813321416518,1.5163279272017518,-0.29676957844594654,-0.685066095712316
0.7483025826919161,1.5066539476794105,-0.2937942220953298,-0.6899530463561662
0.7680303970371016,1.4957745016235608,-0.29207599288709973,-0.6955550326717518
0.7914533809526763,1.4841727771956297,-0.29054444018903136,-0.7003811534746166
0.8171279125537665,1.4724365548653235,-0.2887077730389602,-0.7027170139176415
0.8439092145768365,1.4607212435611405,-0.2870254398255876,-0.7011434628830246
0.8712406035154823,1.4485333319414826,-0.2866780479180526,-0.694964489708463
0.8989956532207362,1.435028552167208,-0.28885772602350723,-0.6844310006990266
0.9270623082058856,1.4196553054158718,-0.2940084332409536,-0.6706881647191749
0.9549685824195295,1.4027387372419053,-0.30143245123833085,-0.6554468004979576
0.9817851804999879,1.3856485971147126,-0.30943946859357796,-0.6404891016154887
1.0063974272351253,1.3704235888943157,-0.31594890009086396,-0.6271834259116953
1.0280513874940667,1.35898988465707,-0.3192722707619957,-0.6161664238797835
1.0468887967004137,1.352327232054528,-0.3187400041302124,-0.6072975376133732
1.0641123623275295,1.3500235799024871,-0.3149066860871148,-0.5999140370802348
1.0815850873064639,1.3505089505807404,-0.3092486603182294,-0.5932760152246702
1.1010219490929882,1.3518637513000733,-0.3035084842412714,-0.5869478351357527
1.1232235786494598,1.352716758275354,-0.29903215543089234,-0.5809001193482073
1.1477818273159555,1.3527119201611226,-0.29643497682708597,-0.5753564545501454
1.173393580035031,1.3523195435713191,-0.29570156607716047,-0.5705759408077291
1.198580512496481,1.3521493239424194,-0.2965501972225748,-0.5666921776921393
1.2224028022184323,1.3522253203494183,-0.29876488856756067,-0.5636141679621434
1.244780476378783,1.3517267729801796,-0.30228778955298763,-0.5609961274207435
1.2663019510341578,1.3493599383166872,-0.30707987227632394,-0.5582983574955239
1.2877072685297288,1.3440728729494331,-0.31292042943370135,-0.5549251260172697
1.3093621008350877,1.335658060855418,-0.31932479780878253,-0.550410011119954
1.3309730097710617,1.3249413906220329,-0.32565631612476365,-0.5446148307689596
1.351648664423654,1.3135032929745698,-0.3313827451941118,-0.5378615392065443
1.370265136897034,1.3030695276212967,-0.33634949169945405,-0.5308870400364305
1.385970514305125,1.2948230984286684,-0.340940540630295,-0.5245867182741222
1.3985879146478657,1.288930002190522,-0.3460490219709971,-0.5196619536735392
1.4087041868988825,1.284508952092605,-0.35285001697094764,-0.5163736852121703
1.4173980784756748,1.2800816420378172,-0.36244571856428576,-0.5145331971254037
1.4257719698087676,1.2742940077260356,-0.3755120964925409,-0.513698475141201
1.4345415846920138,1.266550859219468,-0.3920822427810653,-0.5134385590400549
1.4438601874621193,1.2572417806299006,-0.41155001332087804,-0.5135331904531347
1.4534048325937219,1.2474448830674443,-0.43289170420965983,-0.5140359074497248
1.4626396927962495,1.2382805640235985,-0.455014148323732,-0.5151937734606948
1.4711313656452933,1.2302649311874585,-0.47708736305378463,-0.5172708991839818
1.4788052913291843,1.2229582253754658,-0.49874298173870746,-0.5203527303745027
1.4860625302246042,1.2150121234942346,-0.5200921733508059,-0.5242081679005248
1.4936998066056209,1.204567008319437,-0.5415781212636455,-0.5282707628372082
1.5026082226794473,1.1898800976490769,-0.5637094437338515,-0.5317737617762435
1.5132878796518443,1.170026384985047,-0.5867495605427127,-0.5340289214622067
1.52531003166404,1.1454711237778916,-0.6104765976950006,-0.5347782649894937
1.536977847618721,1.1182577839216508,-0.6341499256010998,-0.5344797909406509
1.545495381576782,1.0915654628125533,-0.6567580735266583,-0.5343355437228254
1.5477716942162738,1.0686318418301304,-0.6774515666838432,-0.5359216669098744
1.5415547335225739,1.0514889732048154,-0.6959153181964124,-0.5405199169865329
1.5262688784586587,1.040220522135737,-0.7124837036947802,-0.5485303834674297
1.5030713920338727,1.0331787090319704,-0.7279771662074104,-0.5593389273680432
1.474130883884345,1.0279963888348491,-0.743341280232517,-0.5716759108461881
1.4415801962836159,1.022779582145116,-0.7592056345001026,-0.5841806982812288
1.4067597226725388,1.016822027322125,-0.7755552285923544,-0.5958400857481944
1.3701989468561058,1.010493494423136,-0.7917508212055979,-0.6061202326160695
1.3323487851149804,1.0044432739078646,-0.806997482788361,-0.6148006898180272
1.2945499234828572,0.9986918867547909,-0.8210367664278182,-0.6216873978843958
1.2594373470795515,0.9922763438743889,-0.8345299051727302,-0.6264492130861563
1.230268657723597,0.9837511809025674,-0.8486410336176899,-0.6287011158984823
1.2093999712323587,0.9722725947844397,-0.8638715261694403,-0.6282609989669836
1.1967088519906977,0.9586233710711307,-0.8788645182873276,-0.6254384456685207
1.1888648715843848,0.945537100289688,-0.8901117651456263,-0.6212133473113638
1.1801496263929374,0.9369674645361139,-0.8930582678731038,-0.6170882522210169
1.1648451201031236,0.9365101889779868,-0.8841835791145665,-0.6144752176599753
1.1399415997188143,0.94578708733116,-0.8628083455563968,-0.6138947017487453
1.1063534158189146,0.9636623193020375,-0.8315369932211458,-0.6145784264264333
1.068037985303425,0.9866080058920521,-0.7953586336145382,-0.6148114987207397
1.0300278212262028,1.0099315136442542,-0.7601770416519702,-0.612775635140257
0.9966877379702817,1.0292838358032934,-0.7313821440174297,-0.6073305332114658
0.9707495703714031,1.0418822020400702,-0.7127089342105684,-0.5983163266196696
0.9529839141643714,1.047110583224418,-0.705503439640234,-0.5863759602651877
0.9422237724088034,1.046453574192542,-0.7085107685281413,-0.5725977516493463
0.9356495734269341,1.0428963729575969,-0.7182606468436041,-0.5582261763502573
0.9294229445913209,1.0399801776715425,-0.7299975258407911,-0.5444323313206412
0.9197183763854873,1.040757379236632,-0.7389208861500769,-0.5320347255424933
0.9039682808949119,1.0469263600517862,-0.7414077301336162,-0.5212055893445066
0.8818828271048831,1.0583546739058012,-0.7359354598335901,-0.5113432660380252
0.8557236056683772,1.0731068951499887,-0.7234661691188224,-0.501264465791724
0.8295705474611466,1.0880317156715846,-0.7070876114731586,-0.489695762809059
0.8078853364220002,1.0997900072674918,-0.6909329932343751,-0.47581721956430956
0.7940556854403971,1.1059597962380079,-0.678754212669787,-0.45953290968430105
0.7894152994477941,1.1058328952779184,-0.6726631123349327,-0.44136688017137926
0.7928345039652112,1.1007250750938802,-0.6724299765924113,-0.422193531500235
0.8009177865128998,1.0937208077014882,-0.6755762256884739,-0.4030360237574071
0.8089939265980379,1.0887650354763256,-0.6783320183754984,-0.3849088159339369
0.812824770595348,1.0892780621993206,-0.6771513338859252,-0.3685456699907359
0.8102447748604398,1.0969372841082135,-0.6700572979115227,-0.3540792172942815
0.8017059880279223,1.1112882859643607,-0.65715178749739,-0.34096708675905085
0.7895045884313661,1.1302477444073493,-0.640212612822421,-0.32828136467452107
0.7764251015814374,1.1510097515697333,-0.6218210417274255,-0.31513385520512927
0.7646582288220154,1.1708459097221173,-0.6045142605275375,-0.30094894088464463
0.7553365764495164,1.1875816144676228,-0.5902267314559813,-0.2854981172847322
0.7485840881555155,1.1997832724483526,-0.5800626987655499,-0.26879264882205045
0.7438297123113986,1.2067960744872392,-0.574309437646009,-0.25096554597051535
0.7401684829555248,1.208746287654752,-0.5725628169579717,-0.23221104858013297
0.7366252032418605,1.206522288904051,-0.573883586865598,-0.21277981780544675
0.7322545498307658,1.201664737745749,-0.5769704755591671,-0.192999110645931
0.7261215499638389,1.1960871517781504,-0.5803755344739139,-0.17328935491084518
0.7173099049601928,1.1916193045744112,-0.5827892378166182,-0.15415254159857228
0.7050986040489771,1.1894828599884333,-0.5833825826421537,-0.13611103170171712
0.6893026411941832,1.1898976916833133,-0.5821229337393123,-0.11959562930438139
0.6705932747876153,1.1920106328551097,-0.5799121172933439,-0.10481632158651633
0.6505337832011713,1.1942280741831486,-0.5783751350686088,-0.09167211346424042
0.6311691276727263,1.1948655691355077,-0.5792288062304551,-0.07975397846116716
0.6142571572242035,1.192871545509794,-0.5834101575662103,-0.0684704266035765
0.6004715429320067,1.1883072267694625,-0.5904034388776227,-0.05727265872935905
0.5889945158185084,1.182324677585603,-0.5982177024936275,-0.04587562167616377
0.5777750668544346,1.1766236665703032,-0.6041130452859862,-0.034332749565050724
0.5643575851025053,1.1727073247279187,-0.6056680343867715,-0.02291653212805045
0.5468242130720307,1.171391789217766,-0.6015769400360325,-0.011913714200094239
0.5244032005121813,1.172768998970106,-0.5918633082068927,-0.001480044786485779
0.49763636504538034,1.17644660992968,-0.5776520003204311,0.008399018348131282
0.4682425635136831,1.1817734340883317,-0.5608060192578683,0.01787657320271685
0.43877802970598867,1.1879267514555436,-0.5435746553211154,0.027175952502688228
0.4121060472596225,1.1939489756751478,-0.5282075857354867,0.036501249187401275
0.39073714772483026,1.1988907443971364,-0.5164758445004833,0.04594692754893459
0.37621489446915013,1.2021224321406834,-0.5091761077343644,0.05543439270051986
0.3687708094189972,1.2036925533400522,-0.5058380753877494,0.0647024649421557
0.36741717369183235,1.2044750589250737,-0.5048765434105424,0.07338169068519318
0.37049339858177954,1.20590020852648,-0.5042636442652675,0.08116826680444267
0.3764478923757917,1.2093250598113023,-0.5024889404129984,0.08804167560921994
0.3844372186622784,1.2153853633454221,-0.4993157717635601,0.09438519404893642
0.3943860094288625,1.2237211417629352,-0.49588013187849955,0.10089187019481383
0.4065338758137085,1.233219226002932,-0.49406098896348616,0.10828883858755911
0.420860553894874,1.2425895188393503,-0.4954850676015494,0.11703899556869457
0.4367804163900981,1.2509438734759375,-0.5006909064736502,0.1271653484533053
0.4532468715830853,1.258097453349776,-0.5088605542687603,0.13826169300292257
0.46920324021510407,1.2644569308778606,-0.518268808330071,0.14969856490939892
0.48416460768294933,1.2705967232740831,-0.5272072546841782,0.16095631167547242
0.49854379052070885,1.2768814436050722,-0.5347520637374801,0.17190078567945477
0.5133985917247763,1.2834590734149585,-0.5408122447978163,0.18282548556624878
0.5297401674272915,1.2905485090428248,-0.5455397531406809,0.19426722825156517
0.547934755114045,1.2986335306717978,-0.5487443103427523,0.20674480573995235
0.5675669625299504,1.3083227904445216,-0.5498061279255484,0.22055033064796215
0.5876675892952703,1.3200128777441433,-0.547993027844244,0.23565136885576243
0.607003003897054,1.3336553350899776,-0.5427856724757312,0.2517211962902881
0.6242839181225959,1.3487779320679778,-0.5339979977060005,0.26827936359105875
0.6383602445481751,1.3646760745297852,-0.5217755225960043,0.2848781171854218
0.6484935305946122,1.3805899116205003,-0.5066447034788799,0.3012425297497143
0.6546699722314488,1.3957696277813918,-0.48965088104983123,0.3172937773628959
0.657760563282471,1.4095041980669418,-0.47240056875666636,0.3330553186815588
0.6593302722317966,1.4212405467232037,-0.45677583952136813,0.3485280869691132
0.6611401391454137,1.4307777044711474,-0.44434991153386494,0.36364162819691903
0.6646315520034551,1.4383828099049722,-0.43583028719227523,0.3782958604103923
0.6706399160473542,1.4447150394414927,-0.4308500761756491,0.39240942964699443
0.6793698902660872,1.450574801042923,-0.4281907518632442,0.4059082683236146
0.6905544881211194,1.4565837802604553,-0.4263231174204438,0.41867423965432593
0.7037249587520935,1.4629453156553796,-0.4240511968825824,0.4305118249748494
0.7184866867247575,1.4694413517360458,-0.42096608134033686,0.44115521899897714
0.7346410763335969,1.4757150527515424,-0.41745270225595177,0.4502897048135601
0.7520679096467311,1.481668616921434,-0.4142562693893488,0.45756325930106034
0.7704872717972535,1.4876744140066636,-0.4119332567847802,0.4626033602480373
0.7893422454044763,1.4944309912780005,-0.41056016967809095,0.4650558406185774
0.8079331401874528,1.5025767125269727,-0.4098079781604651,0.464623894437576
0.8256964713133061,1.512329439794809,-0.4091967648001893,0.4610831699013491
0.8424014391818493,1.5233550137254408,-0.40828281549855006,0.4542889780604147
0.8581489664489381,1.5348992418779397,-0.40669295530401905,0.44419740870759483
0.8732650657778667,1.546079187639803,-0.40411595275653056,0.43087959925353525
0.88825196146861,1.5561706319878796,-0.4004004607571492,0.41448607420326655
0.9038324599572203,1.5647568348182823,-0.39575822370134306,0.3951565517972606
0.9209524324718787,1.5716997748541215,-0.3908890551085378,0.3729333182144843
0.9405838223375228,1.5770045450387618,-0.3868288705388607,0.3477592428967664
0.9633121950623216,1.5807049585686643,-0.3844973053693552,0.3195977343173362
0.9888618883947912,1.582870810243786,-0.3841411965167376,0.2886292547753897
1.0158047558564238,1.5837381562978254,-0.384987614926775,0.2554161105996424
1.0416940727461341,1.5838427856177135,-0.3853625255445403,0.2209352454336937
1.0637277162729095,1.5839782891198517,-0.38329756852898145,0.18645911290940975
1.0797489691213813,1.5848917342595181,-0.3773534205799567,0.15335028036327802
1.0891005502403555,1.5868517739274015,-0.3672490485275226,0.12284773002218952
1.092856958978909,1.5893920703315325,-0.354007197218392,0.09587069088480416
1.093328448135059,1.5914639629300347,-0.33957326148275646,0.07283932383335534
1.0931480705814471,1.5919556377067934,-0.32607519418480013,0.0535518427272379
1.094412322444751,1.5902708735036466,-0.3150408265888358,0.03719716217139357
1.0982159460138792,1.5866149088267738,-0.30693804234151933,0.02254633181146648
1.1046611059129614,1.581833058912066,-0.3012491613077377,0.008277509153197027
1.113189129601475,1.5769291140867294,-0.29696851536466085,-0.006670743163234905
1.1229691147840661,1.572558400256799,-0.29316209517557446,-0.022824234430377732
1.133121734300719,1.5687601593342182,-0.2892593564850041,-0.040056890251947364
1.142730323111254,1.5650181427496348,-0.28501281399229716,-0.05768091517055951
1.1507777691381205,1.560533759061225,-0.28032626045010156,-0.07473624698351111
1.1562120831345521,1.5544751680269964,-0.27521725970245403,-0.0903949898486045
1.1582122929479248,1.546031472897198,-0.2699906504632217,-0.10433551288449427
1.1564739284030394,1.5343557518438735,-0.26540505310889717,-0.11694744229094955
1.1512390157395802,1.5186566931030796,-0.2625391046074066,-0.12929063142520092
1.1430258354694582,1.4985239328235598,-0.2623397720660159,-0.14279916652163616
1.132274619308396,1.4742720055393588,-0.2651313556694872,-0.15881626490798073
1.1190919758779214,1.4470730301792951,-0.2703562133076942,-0.17816760182569857
1.1031195164345207,1.4188344917676072,-0.27664311702553457,-0.20100492111967672
1.0835735320822923,1.3918241790396861,-0.2822131588000867,-0.22698461764320088
1.059594939510561,1.367993055979898,-0.2855839015469439,-0.25558005944028794
1.03088760378477,1.3481111983219574,-0.28637701583275765,-0.28621290595872084
0.9982748318985067,1.3311697809895815,-0.28587699927648,-0.3180898992325556
0.9637401609000079,1.3145719401332017,-0.2869858482057137,-0.34994284624206995
0.9298932934659774,1.2952370249242353,-0.293372140451595,-0.37994923193963226
0.8991774316614379,1.2711918517020266,-0.307939755860692,-0.40595594451040684
0.8731211486368213,1.2429554900242183,-0.3311874848650129,-0.42597739558205405
0.8517572863450933,1.214096652096672,-0.3603002536902322,-0.4388492336790686
0.8334503898926033,1.1904592498479902,-0.3896598868405239,-0.44474247471193085
0.8156235210207889,1.1778805060046333,-0.41284496547062655,-0.44508477908225164
0.7964263183184577,1.1792702602687113,-0.42530424956882196,-0.44179469263156457
0.7762129077067594,1.1929094660054693,-0.4263186061237032,-0.4365009081529665
0.7574377780843589,1.2132025783882243,-0.41914489837127333,-0.4304419366189307
0.7431145285241265,1.2331970583358582,-0.40931437805093585,-0.4248068929939395
0.7353219098461095,1.2470571973728384,-0.40218692553312074,-0.4208187721190997
0.7346273704754698,1.2513759941717821,-0.4010482229072889,-0.41943348442856365
0.740044549998728,1.2455372199763257,-0.40628120832363,-0.4210838438459379
0.7490119756350824,1.2316737893045178,-0.4155309291110558,-0.42577601157196
0.7576135738860303,1.2141105519107056,-0.42476704213581473,-0.43339372689421163
0.7615566846906827,1.197908963022954,-0.4300044017230824,-0.4438313660200581
0.7577080460366734,1.1868872593877602,-0.42892537994232405,-0.45680459560264786
0.7451682883985071,1.1822418261271002,-0.4215719027971667,-0.4716217870453576
0.7251368257630999,1.182587682188327,-0.40989661033889835,-0.48727927391603565
0.6998679590490691,1.1852199030108999,-0.3965917851176155,-0.502844884762002
0.6715957143984712,1.1876768275083918,-0.38385326750627025,-0.5177621996226868
0.6420165185913438,1.18872421350336,-0.3726639780366825,-0.5318356605953396
0.6123634167986276,1.1884005853932198,-0.36288835408389675,-0.5449806941747011
0.5838054108403161,1.1872811588848762,-0.3540613231645122,-0.5569550806990249
0.5578400977073124,1.185456246743285,-0.34638375752636286,-0.5672272016471069
0.5363719236528941,1.1818821569570295,-0.341266032888752,-0.5750551927857824
0.521337275531736,1.174590746860781,-0.3409733351726414,-0.5797542344994585
0.5140237630097086,1.1617092047664859,-0.34748189732932344,-0.5810087922921005
0.5143700242224443,1.1427589428058194,-0.36115318239002514,-0.5790964234690692
0.5204816668317533,1.1195742391497734,-0.3799522517009284,-0.5750138217025447
0.5286466911217307,1.0962274363833142,-0.39975159629852763,-0.570450144872318
0.5342273897876635,1.0776238007448422,-0.41581993490437497,-0.5673831053976519
0.5333929838267151,1.0672607048405571,-0.42487041668198056,-0.5672564239893919
0.524744827973485,1.0655112280859687,-0.4265144275505095,-0.5702427304208926
0.5096061871125279,1.0696477841624517,-0.42324371799927296,-0.5752417623496761
0.4907972645176413,1.0756259215211887,-0.4189762278676963,-0.5806397681609781
0.4709817434903403,1.0804083501299702,-0.4170718449184221,-0.5852034116426806
0.4517524243388644,1.083321847673827,-0.4190115151793472,-0.5885442367032597
0.4337622396566252,1.0857186155548084,-0.42445681653484324,-0.591037561761643
0.41748931552282076,1.089317025644775,-0.43247545272174004,-0.5933145144190043
0.4039961654126347,1.0943714912554379,-0.44292934234890313,-0.5955856375104235
0.3951524585335411,1.0989189885730295,-0.4569395526061697,-0.5972172222980525
0.3931586964583291,1.0996521857070976,-0.4760570958453967,-0.5968424768727695
0.39955455381177574,1.0939827927830714,-0.5006542018380322,-0.5929315018270268
0.4140232670783235,1.0822073424031609,-0.5284929808693699,-0.5845878737355679
0.43356296080061973,1.0684289323313512,-0.5544458065935183,-0.5722698481147473
0.45303932685971837,1.0591762261909095,-0.5720159075006321,-0.5578950691429986
0.4676544130473155,1.060045145807917,-0.5763328850812643,-0.5439194707236304
0.4758775666829669,1.0724879113185293,-0.5669247556483181,-0.5319525375955095
0.48022476041489526,1.0930265768876004,-0.5482589769449147,-0.5221435730153803
0.48528152231530086,1.1152505406208189,-0.5276217917947255,-0.5137375354075833
0.49504852293708823,1.13293333471686,-0.5118506517362487,-0.5059363256753222
0.5115087966172405,1.1422974318539012,-0.5048415248618239,-0.4982099192069642
0.5343950859961653,1.1427669613495748,-0.5066953064363895,-0.4901537683332897
0.5613506507211876,1.1367133227455777,-0.5142733110737463,-0.48145154211597485
0.588355161269527,1.1286107567116388,-0.5226423876325386,-0.47210825600592354
0.6108854722313368,1.1235498668399728,-0.5269630983284459,-0.46259271017236037
0.625750082452575,1.1253308921266607,-0.5242223759636795,-0.45356106969175225
0.6325514101837937,1.13499400538893,-0.5141337923475031,-0.44536635033283223
0.6337654819498946,1.1505624209359784,-0.49896506231080884,-0.4378457080627167
0.6335361846911229,1.1679691897374915,-0.4826274542508988,-0.43052474357675696
0.6361218886637054,1.1824956867855425,-0.46953021948621276,-0.42291817542509524
0.644810101807517,1.1900472742558152,-0.4635173679666813,-0.41461761262808183
0.6614734318779341,1.1880165675303445,-0.4669739999932385,-0.4052078086380435
0.6864328261827735,1.1758508058901227,-0.48011144823640817,-0.3942697096034935
0.7182592652492259,1.1554060152533583,-0.5005845663464619,-0.38162077417380846
0.7535627098822866,1.130853343314601,-0.5237877659733436,-0.367668304660832
0.787293320014216,1.1078198057716317,-0.5440224911788263,-0.35355675463174885
0.8140006384186207,1.0918825273283286,-0.5561632102687291,-0.34086667478294097
0.8297177869963779,1.0870263281097015,-0.5570617707383947,-0.3309678863043375
0.8334314602432384,1.0946534484869617,-0.5461805108028839,-0.3244391880121693
0.82725453775279,1.1133822216182419,-0.5254669343030935,-0.3209355449104221
0.8152690218184127,1.1396048196042354,-0.4987255125415919,-0.3195396153289016
0.8018159967428442,1.168579442032061,-0.47070333063566383,-0.3192693124641919
0.7901993754056278,1.195654960822524,-0.44605325584764866,-0.3193559543294606
0.7822553786813373,1.217249791213392,-0.4283454483060003,-0.319210977120542
0.7785105126506808,1.231460544615528,-0.41928895074640926,-0.3183116899364111
0.778344089502758,1.2383936264745896,-0.41827618803283406,-0.31624424741305557
0.7798814605893025,1.2402442854257187,-0.4223735608729491,-0.312925363867798
0.7799567959948341,1.2408619222360797,-0.4269790562696698,-0.30881030718460734
0.774802710966628,1.2445035574715388,-0.42726300512842363,-0.30482506496952255
0.7615945133148554,1.2540734272331435,-0.41996978630245496,-0.3019602706098756
0.7399058369597769,1.2698868407444932,-0.4046477655063978,-0.30084987073366043
0.7118789013403231,1.2898503526412703,-0.3835899017971456,-0.30173431687171237
0.6810217838902055,1.3108672636134888,-0.36059410662913427,-0.30476007105154856
0.6506673089366324,1.3304043989001637,-0.3393353174875222,-0.31018688713161313
0.6230622835900059,1.3472963343086133,-0.3221944927962299,-0.31825223157641935
0.599268443123335,1.361636617163319,-0.30991963712352,-0.32884691170284386
0.5795205443007105,1.374183962041196,-0.30196541239383023,-0.3412958320570598
0.5636531520374761,1.385770684208123,-0.2971226614026561,-0.35440330278511456
0.551392173377925,1.3969710885346458,-0.2940973474105282,-0.36675046510385356
0.5424663705082435,1.4080531147316138,-0.29185944072916326,-0.37713107636923393
0.536584578046031,1.4190901014104544,-0.28975309026411566,-0.38496258805049144
0.5333740689445092,1.4300570783504425,-0.28748662793819246,-0.3905069283767453
0.5323648975809863,1.44080350510388,-0.2851305156081647,-0.3948071938354685
0.5330236747619079,1.4509489043423145,-0.2831361773624246,-0.3993750478826086
0.5347814341994086,1.4598382207118632,-0.2822893497034491,-0.4057610505961351
0.5370354799018404,1.4666418192204715,-0.28353947146026615,-0.4151486366206494
0.5391524686492803,1.4705974903407544,-0.28772701497682407,-0.4280756597483324
0.5404873980903764,1.4713349767418722,-0.2952801585899958,-0.44435604954757046
0.5404246511226536,1.4691344871744378,-0.30600632270699357,-0.4632233252229201
0.5384763091909817,1.4648959247350228,-0.3191329096052913,-0.4836269864409799
0.5344486250535243,1.459723059187409,-0.3336233725953577,-0.5045459590847479
0.5285757096208803,1.4543506133835162,-0.3485546935341626,-0.5252104651997909
0.5214669744384253,1.4488267915466928,-0.3632662246478866,-0.5452034784939879
0.51384241888024,1.44266222034243,-0.3772040201429827,-0.5644519781009364
0.506205881750613,1.435291203901973,-0.389652904531389,-0.5831209281857884
0.49862857182384057,1.4265413762262127,-0.39959457263755094,-0.6014507914469323
0.4907076173582887,1.416908223628603,-0.4057819225418855,-0.6196189394219477
0.4816925793298572,1.4075550515465873,-0.4069906638722576,-0.6376941416099001
0.4707750028534563,1.4000013519354528,-0.40238587409909243,-0.6556758998186655
0.45750305225742216,1.395524359816933,-0.3919289625032787,-0.6735302306512433
0.44216369515802834,1.3944749464704769,-0.37667139598918875,-0.6911487337824691
0.42589267461658964,1.3958856866290734,-0.3587203724398178,-0.7082698567919551
0.4103836750200893,1.3976744675044266,-0.3407682945719943,-0.7244602159900873
0.39732595200169074,1.3973768402196671,-0.32534179377785977,-0.7391687940035656
0.3878683286451112,1.3929992942637006,-0.31412497914720583,-0.7517824304257602
0.3823422571923325,1.3836019883824195,-0.3076487502777907,-0.7616726816699946
0.38027863739053047,1.3695015097414696,-0.3053772577991898,-0.7683189497821423
0.38060910806246984,1.3521866834401137,-0.3060094238022346,-0.7715490190843532
0.3819325541003804,1.3340191442779767,-0.30781113259635795,-0.7717979271549588
0.38280651569189406,1.3176906070448995,-0.30894745905403775,-0.7702081758159306
0.3820881958180482,1.305426547998199,-0.3079005878830876,-0.7684474653318172
0.3793133963690829,1.2981023897719526,-0.30399380529667486,-0.7682632877788125
0.3749713087783102,1.294633736785237,-0.29783431531167714,-0.7709371400957562
0.3704546874465593,1.2920150299888848,-0.2913490281847242,-0.7768424889969742
0.36760636599227525,1.2861174223923297,-0.28723319779158407,-0.7852254084713005
0.3680705050974393,1.2729749010360025,-0.2880110659331705,-0.7942474182157049
0.372782702973665,1.2500911517891657,-0.2951655374622486,-0.8013589439362755
0.38177395728805763,1.2173564468212223,-0.3086862333830973,-0.8040435093063629
0.3942302226333254,1.1772997825385623,-0.3270778502370735,-0.8007199265201305
0.4086517280240187,1.1345962527156785,-0.34767013360595644,-0.7913499996413984
0.4230283102661634,1.095020934464981,-0.36709158646137263,-0.7774205946916002
0.43512393105860814,1.064150447938262,-0.38190438942967875,-0.7613258241333098
0.4430482781301368,1.0460216536388642,-0.3894185355235571,-0.7454061404891426
0.44604850031630616,1.0420159570896235,-0.38849233291782426,-0.7310082275222824
0.4450442094192828,1.050437451040094,-0.37992081746942596,-0.7180064860620896
0.4424171978949427,1.067137233478637,-0.3661364805077927,-0.7050674484120677
0.44108550289645776,1.0870313817813035,-0.35031601855074257,-0.6904991388344348
0.4433888746447354,1.105862848778491,-0.33527710168455216,-0.6731772922606397
0.45036979339605443,1.1213942475227903,-0.32263872670525195,-0.6530569461053363
0.46174538804045073,1.1335065091362098,-0.31261601605295164,-0.6310835864515061
0.4764734851850103,1.143315139901181,-0.30449574714120886,-0.60867410248391
0.4935046501571605,1.151988128459649,-0.29741826657867065,-0.5871252197725932
0.5122536529806436,1.1600102008718467,-0.2909256496157804,-0.5672436760509464
0.532591230599335,1.167161930923561,-0.2850180633984345,-0.5492714541522757
0.5545403463688667,1.1729296663947735,-0.2799028927890206,-0.5329944558261512
0.5780132352488043,1.1769016018485803,-0.2757760007020029,-0.5179003792469359
0.6027672218605535,1.1789334983139643,-0.2727778598549726,-0.5033334612274516
0.6285173059666984,1.179147589743784,-0.27101992335942526,-0.48865518013228426
0.6550429927943575,1.1779156435308336,-0.270529300298916,-0.47341651243054317
0.682194724990302,1.1758753637242405,-0.2711014984484723,-0.45750462497428
0.7098264271549521,1.1739032865155399,-0.2721969536230946,-0.4411955251592945
0.7377350965265954,1.1729662954580795,-0.2730149536989892,-0.4250670538417596
0.7656580606725008,1.1738742062589997,-0.27275001724448655,-0.4097932551167438
0.7933273380922317,1.1770213412102972,-0.2709167916354429,-0.3958988715917158
0.820545761963823,1.1822027567272335,-0.2675928170266362,-0.38357127946116654
0.8472199126192594,1.188597350114096,-0.26344571585558274,-0.3726092930024538
0.873287991614065,1.1950061914822945,-0.25947611297851614,-0.3625344136628821
0.8985624791086474,1.2003194848644845,-0.25655071287508235,-0.35281301072414695
0.922610130259721,1.204003749994526,-0.25496259677311217,-0.3430825436757081
0.9447971938610329,1.2063356023222345,-0.25428340360710133,-0.33327303515756346
0.9645065917290278,1.2082572632907578,-0.2535859668762541,-0.3235666852755703
0.9813851695449751,1.2109783069599953,-0.25185922494207147,-0.31423109748847344
0.9954603065528523,1.215554747060092,-0.24836974407107615,-0.30543536952219563
1.0071100166657376,1.2225604322200507,-0.24288138466917286,-0.2971451130533924
1.016992825677649,1.23185168654702,-0.23576981439788436,-0.28912443384767084
1.0259980391977577,1.2424796214978961,-0.2280180268073706,-0.2810213847536416
1.0351794331041964,1.2528655294293913,-0.22101283740867816,-0.27248381435894964
1.0456403025444816,1.2612495747487973,-0.2161350863607141,-0.2632404238823849
1.0583938748725439,1.2662552153205038,-0.21427383397695698,-0.2531137317041252
1.0742117133437197,1.267365556508901,-0.21545206245059378,-0.2419919902236829
1.093430429108537,1.265177023440202,-0.21870939150133628,-0.22981309133524075
1.1157394807701535,1.261356355020233,-0.2223159555961829,-0.21658553419871018
1.140115188706659,1.2582410093820513,-0.22431326070612423,-0.20242373882907994
1.1651010860784154,1.258086277611991,-0.22325198436909743,-0.18754431555422535
1.1893919330847036,1.2621810311630002,-0.21883532227040114,-0.17219737603396923
1.2123383958943728,1.2703102088637308,-0.21211597710177332,-0.1565953711767385
1.233988180612798,1.2809721374665841,-0.20506876516463612,-0.1409360664016981
1.254695312824059,1.2922417936747153,-0.1997183353306935,-0.12550785427643918
1.2746779017628436,1.302686271371908,-0.1972904035169143,-0.11074969326360096
1.2938189606888846,1.3118007929483606,-0.19781555722578026,-0.09717323235782094
1.3117168445246978,1.319879769406124,-0.2002968102611411,-0.08517809962802292
1.3278756351717722,1.3275534405944556,-0.20326636805686094,-0.074872093692117
1.3419805997632066,1.3352503098082507,-0.2054608136485383,-0.06601210340544239
1.3542115562863457,1.342774609798255,-0.20637274980822262,-0.058114258947792985
1.3654472169009413,1.3491499592021223,-0.20651521328848776,-0.05066500053922929
1.3771644013034667,1.3528269933622803,-0.20732396098982364,-0.043278280475044006
1.3909732182496284,1.352212606130537,-0.21071081836069272,-0.035687648569860064
1.4079557113125845,1.3463374339955316,-0.21838561184672511,-0.02763949418444045
1.4280887555938562,1.3354489467866548,-0.23117148299373413,-0.018892842595181092
1.450009361670366,1.3212996414076328,-0.24860491157542164,-0.009415321578530866
1.471306377849069,1.3068431086372432,-0.2690557853132125,0.00043808019374314
1.4893253776455795,1.2952513195313347,-0.29033002451610423,0.010061369287005295
1.5021326961370725,1.2886972029300898,-0.3104057470158579,0.01901110101481196
1.5091181119189374,1.2876247778024106,-0.3279604578925446,0.027322118600314083
1.5109530105239952,1.2908644746929698,-0.3425904309921557,0.035466082069576244
1.5090272844052597,1.2963604299184248,-0.3547462216652968,0.044056778099422544
1.5047414380515847,1.3020084143158765,-0.365424182848052,0.05355777480048629
1.4990174449440492,1.3062387915088798,-0.3757401809999077,0.06413028621628292
1.4921664398057657,1.3082637364962748,-0.3865796816296434,0.07561291310982377
1.4840088130987026,1.30808079831073,-0.3984382889451361,0.08758074988175468
1.4740717462997934,1.3063264285513465,-0.4114271164877754,0.09944114816264271
1.4617780500313136,1.3040180977688054,-0.42535906068392815,0.11053494299974864
1.446628565439474,1.3022202854634233,-0.43986089875807566,0.12022909549963456
1.428370494590594,1.3017186086732608,-0.4544906653929066,0.12800810732816492
1.4070876167158586,1.3028170099474812,-0.46883694059261827,0.13357876758482434
1.3831497966160873,1.3053260609234139,-0.4825676020862433,0.13698939250657238
1.3570439224670734,1.3087108079532812,-0.49541610172083206,0.1387304838814627
1.3292014877068148,1.3123067526284053,-0.5071249348069495,0.13974009121906605
1.2999499572819724,1.3155305659891368,-0.517378396883786,0.14123603313547428
1.2696365888394363,1.3180437874405535,-0.5257656168541007,0.14438369066536172
1.2388781169338756,1.3198242477591946,-0.5318375721782054,0.14992818818532472
1.2088180620988922,1.321114150236187,-0.5353011188841827,0.15795427604818335
1.1812007124856572,1.322286714528367,-0.5362725862091986,0.1678578088270879
1.1580613180268395,1.3237202927751355,-0.5353915997628864,0.17851835188190823
1.1410237969336015,1.3257170823544717,-0.5336477469541003,0.18861781667707422
1.1305342856754943,1.3284379728034663,-0.5320018379109352,0.19700828558104444
1.125529291682136,1.3318513458058372,-0.5310641570056573,0.20298246048382662
1.1237921039116383,1.335766776355293,-0.5310046958462775,0.20633106213321817
1.1227565764425949,1.3400143946418581,-0.5316125843782629,0.20719900171775385
1.120260134900516,1.3446925483341268,-0.5323437827106285,0.20585466153683574
1.1149522698606493,1.3502660912846338,-0.5323857517145185,0.20248929209648336
1.1063943528225137,1.3573505912964718,-0.5308940100335844,0.1971141216377903
1.0949675792238298,1.3662621397172208,-0.5274106186537975,0.18957382923635624
1.0816239735448359,1.376605194630943,-0.5222642904130923,0.17965825208007336
1.0675143356553516,1.3871593969276708,-0.5166974157424262,0.1672638634239998
1.0535999823063216,1.3961889645878494,-0.5125549517057382,0.15252557398891597
1.0403666998967287,1.4021169450681379,-0.5115558262207773,0.13583285273611523
1.027681105113285,1.4043012524140113,-0.5144180323212442,0.11769837432275354
1.014749575550132,1.4035282792479986,-0.5202685653349419,0.0985391545462242
1.000168925634446,1.401935272492326,-0.5266745812467792,0.07848447670637326
0.9821848988817372,1.402339961223737,-0.5303468606706991,0.05730493510472323
0.959287995487176,1.4072182752028368,-0.5282957535712185,0.03449426733458716
0.9309889284030375,1.4177254653788975,-0.5190401741843365,0.009464263207109358
0.8982480395214458,1.433191849037166,-0.5033519259689523,-0.01824675016606281
0.8631313546126385,1.451377859334685,-0.4840855782554152,-0.0488483842824845
0.8279202567719861,1.4693878245219314,-0.4650924780999277,-0.08227194773139646
0.7943758133068939,1.4847300191222685,-0.44982308075969324,-0.11819603465226947
0.7635965834605745,1.4959514323177352,-0.44039732794880115,-0.15609145864460094
0.7363292543100457,1.5026326727702668,-0.4374843666478625,-0.19528102388546054
0.7133168592350272,1.5049654680804645,-0.44073347066284074,-0.2350012846624372
0.6953660473550656,1.5033256413244585,-0.4492374003674222,-0.2744473651246391
0.683058013851652,1.4981299394494685,-0.4617001915382388,-0.31280540840924953
0.6762638034173709,1.4899759089888276,-0.476384778269354,-0.3493075550115179
0.673783083097182,1.4798368096146515,-0.4911707471014741,-0.38334018003458237
0.6734336912541503,1.4690534888235147,-0.5039530760416102,-0.4145682550637475
0.6726913105005237,1.4590249216348796,-0.5132645450118545,-0.44296091270460436
0.6695798565371687,1.4507467249791997,-0.5187311522541902,-0.46864314620462255
0.6632734664954694,1.444512507694869,-0.5210234189902547,-0.4916627322148426
0.6540607976721451,1.4400255296921678,-0.5212906361468252,-0.5118631459003601
0.6427818361421866,1.4368730144300115,-0.5203998604975342,-0.5289605178921912
0.6301805494433115,1.434993117499318,-0.5184443966268131,-0.5427411495013365
0.6166114620863974,1.4347023146178106,-0.5148557542382506,-0.5532135561220829
0.602240658434988,1.4361797486941457,-0.509079883623422,-0.5606218076717561
0.5874790017824014,1.4388034058158383,-0.5013679841971779,-0.5653647470559952
0.5731794749578374,1.4409444654491845,-0.49309959848247753,-0.5679297971468849
0.5603478375858701,1.4405041668706577,-0.4863546195960493,-0.5688839342219215
0.549558920604482,1.435913141480647,-0.4829645669460694,-0.5688812340333825
0.5404955095034383,1.427013407567891,-0.4836004724268743,-0.5686630009285427
0.5319191204029785,1.4153343802226501,-0.48741138128098416,-0.5690541518881159
0.5221588759505753,1.403548050542795,-0.4924278128148438,-0.5708935431536841
0.509964019720796,1.3942582782825872,-0.4965523902387561,-0.5748124597548266
0.49529510705390445,1.38870431965122,-0.49861430366065274,-0.5809461062480178
0.47953065599143896,1.3861295219113763,-0.49887374968976306,-0.5888402304423508
0.46489039931272935,1.3841950988679208,-0.49867561084809586,-0.5976867389421194
0.4534222373055192,1.3801349444411586,-0.49950589927248834,-0.6066919341273588
0.44614294282656,1.3719378960955884,-0.5020717849096006,-0.6152871382846085
0.4427184173367238,1.3589855912423912,-0.5059352872852514,-0.6231296840954398
0.44174493367448653,1.3419829708395365,-0.5098358969015242,-0.6300438009987752
0.4414617804222356,1.3223526780080597,-0.5124490172935132,-0.6360001167607674
0.44055661173040384,1.3014629839544418,-0.5131212584112037,-0.6411116502439754
0.4386643753709867,1.2801120931021865,-0.5121649227875842,-0.6456170847282029
0.4363294246585159,1.258522659688389,-0.5105700781413016,-0.6498655699237272
0.4345322292715794,1.2367564278148897,-0.5093573017201523,-0.6542994897107115
0.4341155859240229,1.2151954847251143,-0.5089931645553516,-0.6593933933082213
0.4354162304059457,1.1947600651141796,-0.509184172265811,-0.6655358144830549
0.4382209057037547,1.176749183083632,-0.5090957509321095,-0.6729025384778444
0.4419970336964114,1.1623900130878964,-0.5078300979006614,-0.6813791302812078
0.4462443650913792,1.152304263963975,-0.504905013186508,-0.6905544328573389
0.4507718695402765,1.1461488418903802,-0.5004992971243094,-0.6997903906150161
0.4557506940697038,1.1426331397713887,-0.4953612184526397,-0.7083806337201413
0.4615191416041611,1.1399662437088771,-0.490441182927434,-0.7157862376392073
0.4682568933413045,1.136588198050403,-0.48642867340111695,-0.7218658101621496
0.4757353036925156,1.1318563712825913,-0.48342464887216896,-0.7269686604950862
0.48332524996081094,1.1263308697844028,-0.4809302344619393,-0.731811567252936
0.4902925705438652,1.121507532452377,-0.478162269419953,-0.7371781474549572
0.496220362311967,1.119149627184527,-0.4745044294007774,-0.7435668896950868
0.5012905005458721,1.1205771657825725,-0.4698066874167026,-0.7509382495821351
0.5062167695447035,1.1262800221276459,-0.46434059391418603,-0.7586801884388992
0.5118439480013877,1.135998084389922,-0.4584745708293505,-0.7658040753833725
0.5186676753147941,1.1490778505644916,-0.4523622688002227,-0.7712381673589092
0.5265857907235387,1.1647539207018667,-0.44591144733853194,-0.7740411415140621
0.5350050796992012,1.182183283749346,-0.4390226782946882,-0.7734755049026328
0.5431678939307933,1.2003743599590642,-0.43183524524808115,-0.7690313204207662
0.5504662282260027,1.2182365887908837,-0.4247539250641663,-0.7605066849821975
0.5566212795073877,1.234776084919106,-0.4182859138347055,-0.7481349604727342
0.5617471135990326,1.2492735908051689,-0.4128793384623959,-0.7326484752887487
0.566339139858075,1.2613154932819475,-0.4088700917687689,-0.7151846289328844
0.57117035915845,1.2707152682006413,-0.406470134507799,-0.6970367833431504
0.577053922098828,1.2774629078277666,-0.40568313950740764,-0.6793375264861763
0.5844862869425222,1.2817899836505968,-0.4061418394438048,-0.6627892586985363
0.5932945158197711,1.2842940330870987,-0.40699909332719697,-0.6475354085461721
0.602504183558163,1.2859442920281463,-0.40704447034041324,-0.6332084921362594
0.6106102156081905,1.2878068400725138,-0.40510955943146043,-0.6191118180284957
0.6161973830264809,1.290540319148045,-0.40060700667436056,-0.6044461939432902
0.6185593468285933,1.2939982357063078,-0.39387472270220925,-0.5885310513234833
0.6179302790846259,1.2973074003601774,-0.3860637939398248,-0.5710189551748098
0.6152687096708402,1.2994313166529232,-0.3786178145128045,-0.5520625096943985
0.6118607192349286,1.2998283011771765,-0.3726609223230135,-0.5323356898435816
0.6089894024292468,1.2988089180837945,-0.36858417759772655,-0.5128680315626187
0.6076817004638368,1.297497423305554,-0.36589400847011166,-0.4947691119586701
0.60844616218495,1.2975137381426198,-0.36326322074772643,-0.4789639423738965
0.6110444716932693,1.3004991602836884,-0.35878764813633723,-0.46601044905830435
0.6144907456607238,1.3075730465289654,-0.35051715181533294,-0.45600980560728965
0.6174366912985252,1.3188110772980661,-0.33725906611814027,-0.44860027341435615
0.6188599350857664,1.3328459414318719,-0.3194792075147781,-0.44304236649000894
0.618704053972613,1.346737890254537,-0.2999306227590042,-0.43843109765761934
0.6180833426105254,1.3563251454972052,-0.28353148214687796,-0.4340446298154699
0.6189845203954083,1.3571078973168282,-0.2762176937445071,-0.4296832645002844
0.6237722461896482,1.3453515434407561,-0.2830614995369789,-0.4256893153511765
0.6346922484857429,1.3191153673363203,-0.306338812560746,-0.4225159109837924
0.653017201743407,1.2793768191733603,-0.3440854283695194,-0.4202487812259512
0.6774228333934316,1.2312380386892616,-0.3896012418625585,-0.41877273812174454
0.7023594378747666,1.1841400684614447,-0.43253088444587173,-0.41871891542512985
0.7187279473650898,1.1496253449607117,-0.46171420778932215,-0.4221038078342465
0.7184063059798811,1.136686684482782,-0.468955773566736,-0.43123195786058965
0.6999647122112995,1.1471865682743656,-0.45221556078869773,-0.4464341432245671
0.669937660809192,1.1747339381551916,-0.41666324912444597,-0.4652717943466971
0.6380184280435868,1.2082419240672717,-0.3725406237802309,-0.4842994714802815
0.6112709746354563,1.237578045025355,-0.3307352985772103,-0.5012690986321502
0.5922580336606147,1.2571718783446224,-0.29894048776490556,-0.5156526318402396
0.5805021883494448,1.2660802027952482,-0.28034322115634436,-0.5278250850047461
0.5744075607237877,1.2662041457518158,-0.27433457750437573,-0.5382311194471219
0.5723106272579921,1.260605347627669,-0.27787453550402974,-0.5470855341097776
0.5728543317889658,1.2524161070040583,-0.2868418642040018,-0.5544278245886353
0.5751442134307683,1.244043264761375,-0.29729583675030513,-0.5602339598111815
0.5787974587156834,1.236620586227557,-0.30648854484638877,-0.5644867178734576
0.583720122553492,1.2300603712961988,-0.31324063475175623,-0.5672789092565192
0.5896023620583786,1.223823433484108,-0.31751085272567936,-0.568981248788678
0.5955005012235584,1.2178851411443592,-0.31954609971917014,-0.5703459390208729
0.5999106868073545,1.213152054315656,-0.31928794358767987,-0.5723921752254397
0.6013457795935113,1.2110392987365688,-0.3164309882378571,-0.5760679901165066
0.5990486147236005,1.212543887487238,-0.31098039729097327,-0.5818478179506466
0.5933960011208597,1.2174546073504753,-0.303799856779458,-0.5894944098445715
0.5857516332912502,1.2242073141750387,-0.296691574909989,-0.5981284225072209
0.577868135449203,1.2304631474572771,-0.2919024152689038,-0.6065451680460308
0.5711814367487789,1.2340576681933355,-0.29132034799491047,-0.6135798491729483
0.566315278062498,1.233831654966203,-0.2957727835875923,-0.6183761940478965
0.5629076279583025,1.2300384890908327,-0.3047140029979962,-0.6205458048171989
0.5597115007283329,1.2242853004823968,-0.3163442047645326,-0.6202385196095406
0.5549094912152912,1.2190911241902471,-0.3280418164205652,-0.6180844567384018
0.5466286280078283,1.2171520912006348,-0.3369834489319814,-0.6149508720825679
0.5336163471743081,1.2204277597699202,-0.3408738357816925,-0.6115442133779814
0.5158902520763302,1.2292865740762564,-0.33866883827318284,-0.6080283836865789
0.4950251933764942,1.242099899366285,-0.3310357486815718,-0.6039020354811928
0.4738290879972955,1.2556245371484607,-0.32025011070078535,-0.5982494105858045
0.4555248555111091,1.2661235995413245,-0.30946843392915646,-0.5901971317321357
0.44285825802633183,1.2707092252221686,-0.30169837779207453,-0.5792688051277923
0.43748408223226365,1.2682921235252604,-0.2989392240605533,-0.5655010643340793
0.4397074846129294,1.259816471789867,-0.30178159252287795,-0.5494184474630985
0.4485020945497449,1.247795890170714,-0.30948733826836405,-0.5319706031735678
0.4617337468362257,1.23538379315137,-0.3204164038099997,-0.5144046093957289
0.4765339901549528,1.225357204337462,-0.3325991523131835,-0.49802687786219413
0.4897442797529492,1.219409645823822,-0.3442270224894466,-0.48391940082624263
0.49837176593926125,1.217949880212757,-0.3539081691100252,-0.47273147995336573
0.5000629510475716,1.2203149669046265,-0.360708383736414,-0.46459713000263214
0.4935915153340753,1.2251596841268144,-0.36412171535204574,-0.45914681275845814
0.4792341038704184,1.230851370823427,-0.3640693595211113,-0.4555880555323395
0.45882034824511164,1.2358440755328104,-0.36088974903201776,-0.45287275096147805
0.43534898939818034,1.2390397145928567,-0.35524141808735554,-0.44994325622886344
0.4123092393812515,1.2400356518635813,-0.347945803289766,-0.4459600163349089
0.39300082249759827,1.239093922664014,-0.3399041569690422,-0.44039435056665943
0.38007200433444344,1.2367952560616848,-0.3321812107525761,-0.432969184971683
0.37531548740454523,1.233543817914661,-0.3261894437233559,-0.42352380937129075
0.37966281847179606,1.2291661941184526,-0.32378081359778865,-0.41188459816504186
0.39330497002875053,1.2227896936066343,-0.3270463909308141,-0.39780382154117677
0.4158285831843267,1.2130992994873435,-0.33773114286221695,-0.38103456222379783
0.446204527382857,1.1989692867777904,-0.35637440791261676,-0.3615821009640152
0.48255131423561437,1.1802670309166223,-0.381550722832416,-0.3400406306734467
0.5218718268103915,1.1583776824337475,-0.4097548962233646,-0.31776096271071097
0.5602104537016686,1.1359880797147677,-0.43628913279883963,-0.2965993300808465
0.5935324906385053,1.11613109812049,-0.4568898099229102,-0.27827023627272784
0.6190090897400673,1.1010773315093403,-0.46922366309511054,-0.26366974768478113
0.6358702856861669,1.091738220469508,-0.4734114525278963,-0.25260286665716314
0.6452113576096004,1.0878233944232925,-0.4713661145234742,-0.24406341767631723
0.6488943795543272,1.0885772057345977,-0.4653639589611467,-0.23686197668192088
0.6482706932389415,1.0936638848055447,-0.45659207484366227,-0.23023573003621522
0.6435566054308672,1.1035922181022544,-0.4444884451142934,-0.22411363319348276
0.6343264170137102,1.1192020172410329,-0.4273998085541135,-0.21889348645940498
0.6207562198485626,1.1404417529677153,-0.4042557572422383,-0.21490568603658855
0.6044756073587381,1.1654655092766537,-0.37605344315560574,-0.21202597965626158
0.5881981633810407,1.1909578061066513,-0.34596868039501705,-0.20978376873650917
0.5745915492940525,1.2134542317309207,-0.3180926558644237,-0.20779128566521377
0.5654590168843099,1.23055575896775,-0.2958987361949359,-0.20600739203787488
0.5616347974925375,1.2413008889725938,-0.2814031969649735,-0.20460091613725173
0.5632424778410896,1.2458722684829495,-0.2750960580685162,-0.20359751930996128
0.5698992207273137,1.2451918415809684,-0.27621075000078466,-0.20263888341739733
0.5807264260388878,1.2407389539812264,-0.28298228038199236,-0.20105277442834213
0.5942457283113396,1.2345812888992844,-0.2928090347666388,-0.19821485308511444
0.6083452884343634,1.2293839917086942,-0.30243856530849844,-0.1939950547729068
0.6205175958353706,1.2281224395672856,-0.3083719251943424,-0.18899368843210773
0.6284488844531342,1.233410434895718,-0.307570427287879,-0.18436660383158032
0.6307808780844912,1.2466685922674403,-0.29830045733748123,-0.18130739802749107
0.6276462209845584,1.2675399614762846,-0.28075706247146326,-0.18049897495745082
0.6206453665117944,1.2938614417927978,-0.2571313992953357,-0.1818427538441416
0.6122789627794796,1.322231576418512,-0.23101775348259723,-0.18454487940792474
0.6051532676149141,1.3489709941560153,-0.20634650331549031,-0.18742105969348843
0.6012898678381495,1.371137512265946,-0.18623628502303569,-0.1892348220505884
0.6017028893980707,1.3872472145745474,-0.17220002366052833,-0.18896522111847713
0.6062776664203726,1.3974740924586222,-0.16398859298941693,-0.18598629865187566
0.6139345966430738,1.4033172460112253,-0.1600615278401376,-0.1801624428941857
0.6230176306733046,1.4069325930030008,-0.15838827865449234,-0.17184363143739811
0.6317957930611333,1.4104175094943603,-0.15718749417336975,-0.16174604011254168
0.6389453809477177,1.4152813142534613,-0.1553520662564294,-0.1507453448437328
0.6438903535385085,1.4222029467158814,-0.1525385455761552,-0.13965631279065605
0.6469074970482345,1.4310597178666922,-0.14904248702797362,-0.129082508889935
0.6489715317602343,1.4411414842757284,-0.14558845770298134,-0.11937712801032618
0.6514164647494529,1.4514417069180294,-0.14310462081342235,-0.11068501573208622
0.655554184736147,1.460936717045374,-0.14250452438599925,-0.1029969050665891
0.6623670819780516,1.4688121502216638,-0.14448293385267919,-0.09617200364137268
0.6723165309851635,1.474630391493641,-0.1493406212075823,-0.08994052088577664
0.6852653709377232,1.4784243495756373,-0.15687981998131217,-0.08393005641764772
0.7005161549948651,1.4806852256210312,-0.16642121496336038,-0.07774783374546868
0.7169641704361283,1.4822379068614346,-0.17694404237768024,-0.07110404161974881
0.7333348337627021,1.4840452676572364,-0.18728691065272196,-0.06391040065536258
0.7484497241598846,1.4869960618274878,-0.19634574178706465,-0.0562769753757979
0.7614543896504296,1.4917175830113598,-0.20324847758251052,-0.04838411995872338
0.7719481564356041,1.4984462278795982,-0.2075053949488217,-0.0402954505046047
0.7799983018901502,1.5069839234460125,-0.20911545098919748,-0.031832162789645846
0.7860616480442995,1.516765261308073,-0.20857286415767495,-0.022602744895648064
0.7908406785505213,1.5270393919694558,-0.20671811193436374,-0.012187774384351702
0.7951171599419482,1.537093555331962,-0.20447611633237628,-0.00037890024071174366
0.7996332739605541,1.546385045580728,-0.20263414635896804,0.01265724940824553
0.8050433506986729,1.554526353329745,-0.20176360413982342,0.0263599532934633
0.8118672129868594,1.5612158228293642,-0.20222719674904033,0.03989347896334827
0.8203726507496076,1.5662415541247197,-0.2041513622088289,0.05236132020511475
0.8304143706323717,1.5695870397240552,-0.20734185309370345,0.06305742148444637
0.8413421976785902,1.5715612900330478,-0.21123282820756994,0.07167553677045424
0.8520896658781038,1.5728406542842575,-0.21497305681739642,0.07839314342053494
0.8614809538242054,1.574332851508499,-0.21768161181096546,0.08378915579201851
0.8686725482500802,1.576856186320988,-0.21879660965691827,0.08863021556233774
0.8735193544563513,1.580768383802198,-0.21833943328512895,0.09361296381707285
0.8766313354416819,1.5857815064414806,-0.216902210869532,0.0991451445350191
0.8790357724286255,1.5911272571335602,-0.21528922368213732,0.10521135847320973
0.8815929568382498,1.5960070126569166,-0.21395055386552797,0.11133897404659354
0.8844672259368856,1.6000534919463114,-0.21251881095001468,0.11666231203525057
0.8869573054812471,1.6035026741099756,-0.2097831871195961,0.12007339190893651
0.8878406775968773,1.6069427705135253,-0.20424128873289238,0.12044431781960219
0.8860881721428487,1.6107820480568733,-0.19499793023704104,0.11689155237882964
0.8814950400032733,1.6147930512705462,-0.1824601258167864,0.10900721497031207
0.8747830326484309,1.6180626046688398,-0.16832302190640958,0.09694422027245864
0.867149296775443,1.6193850761155302,-0.15481032181712773,0.08129117763598215
0.8596481414320907,1.6178257896860921,-0.14365423280906775,0.06280890067029499
0.8527985641613387,1.613120769398291,-0.13542732028140514,0.04218970899734553
0.846558512476692,1.605744815961603,-0.12954510652048823,0.01994868766522262
0.8406034051099959,1.5966602785681383,-0.1248616834901295,-0.0035580177744709562
0.8347319759150963,1.5868649563662094,-0.12050896723664906,-0.02804455037098319
0.8291495302286751,1.5769284450687164,-0.11653596165169966,-0.05318132084168181
0.8244296649089882,1.5667313912089413,-0.11401088506191925,-0.0784998188075503
0.8211700718264126,1.5555363096408548,-0.11453944083497958,-0.10337030735549058
0.8195752481659265,1.542338882646097,-0.11948552080958841,-0.1270718551741299
0.8192449533267641,1.526301676410249,-0.12933950963143936,-0.14891157174337133
0.8193172172806866,1.5070646450990615,-0.14354881665794905,-0.16832260459253656
0.8188953756995929,1.4848527033302097,-0.16080559725359844,-0.18489513518698786
0.8174895450971358,1.4604534788276355,-0.17951660179301077,-0.198351661001966
0.8151720838902643,1.4351784426369347,-0.19814527762261736,-0.20853261547463497
0.8123520595791447,1.4108125007609145,-0.21530669523461365,-0.2154559656533046
0.8093620895392091,1.3894389540683945,-0.229727899681766,-0.2194352360836358
0.806173134007875,1.373054808913199,-0.240267145938317,-0.22115014862508597
0.8024312400311806,1.3630480897763217,-0.2460858435410831,-0.22155939577000638
0.7977781916715236,1.3597361355043576,-0.2469228218223607,-0.221649846214387
0.7922370043696785,1.3621579999685038,-0.24335004341475353,-0.22214293608292923
0.7863970420675508,1.3682130565576691,-0.2368845312224872,-0.22331336450815376
0.7812518326248905,1.3751216088100622,-0.2298505096020269,-0.22499851003470273
0.7777705393406331,1.3800875356313576,-0.22493934440027985,-0.22677059542597555
0.7764492532999019,1.3809865404728772,-0.22452616339120346,-0.2281874399753867
0.7770574861078916,1.3768995746295305,-0.22994371111746492,-0.22903608344559712
0.7786460301937359,1.3683387006658196,-0.24101222249894083,-0.22949087738898388
0.7797867575954491,1.3570487676016114,-0.2560969512986253,-0.2301060019430985
0.7789893898897666,1.3453692497381022,-0.2727531168573125,-0.2316048352970963
0.7751744250703996,1.3353708361910592,-0.2886754040843782,-0.23455411172122131
0.7680019569942218,1.3281779838940593,-0.302459809352271,-0.2391131878689985
0.757920541426756,1.3237785574551124,-0.31385218525354897,-0.24499030004366862
0.7459884540359449,1.321277373236239,-0.32354220423840463,-0.2515823845968703
0.7336133091138803,1.319336836559748,-0.3327711417782828,-0.2581916654068641
0.7222722841882117,1.316608468001402,-0.34293202983909943,-0.2642332443719497
0.7131753819698734,1.312102669863314,-0.35516948347990507,-0.2693944684065275
0.7068707882649647,1.3054774293897284,-0.36996505224285814,-0.273730521577108
0.7029203419288017,1.2971678598606236,-0.38681683102095277,-0.2776828225586354
0.6998462417303859,1.2882590659159612,-0.40419908146196026,-0.2819986913940753
0.695477244332948,1.2800992940808797,-0.41988607959805857,-0.2875375130381881
0.6876275641234961,1.273806813566666,-0.4315273070238408,-0.2949993526044108
0.6748519664914119,1.2698961352092564,-0.43726145943691885,-0.30467647316784263
0.6569682276562641,1.2681607321919537,-0.43620424761159593,-0.31633607411862585
0.6351328460536114,1.2678091846752504,-0.4287065839299873,-0.3292856754577389
0.611438678715587,1.2677778364605947,-0.416297806981375,-0.3425942363570875
0.5882311676087877,1.2670989760525069,-0.4013145310537052,-0.35537009157912625
0.5674947482845027,1.265151312171963,-0.3863863262890861,-0.3669665676847853
0.5505845302090893,1.2616501071285666,-0.37401588241778705,-0.3770304656948169
0.5383150610154155,1.2563991302786524,-0.3663485506451867,-0.38539662201590885
0.5311985779829931,1.2490105536072038,-0.3650271305363697,-0.39190872652867004
0.5295852967242216,1.238858530736037,-0.3709654631394743,-0.3962921326396249
0.5335551013980298,1.2254219035403797,-0.38398065402907866,-0.39820158728150257
0.5425695208699957,1.2089090629268822,-0.40242855748057305,-0.39747939677785915
0.5550989725540023,1.1907290920972122,-0.42319128069150014,-0.3944841720147576
0.5686295490001083,1.1732521605277269,-0.4423747046033266,-0.3901994299762772
0.5803719947542236,1.1587170265432707,-0.45668496779860734,-0.3859134338926875
0.5884429082425084,1.1479110212078623,-0.46483842463559655,-0.38262110973214547
0.5926852560014269,1.1395948574042918,-0.4681131207761158,-0.38059772913745293
0.5944406517608085,1.1311441590466345,-0.46961470611144374,-0.37945869245415254
0.5954431009264967,1.1200186182059446,-0.4726374226087715,-0.37860205083145737
0.5965973581915625,1.1052045221245317,-0.47899933616653434,-0.3777153731571039
0.5972815361640731,1.0879034793914375,-0.4881657302418716,-0.377114264824171
0.5954714843353457,1.0711261562011765,-0.4975593228915536,-0.37776268485366193
0.5887075808301518,1.0583280800986925,-0.5038921824307845,-0.38086945108729475
0.5754545047882313,1.051816123506022,-0.5047615315526219,-0.38721578207460206
0.5559592216628719,1.0519199575200024,-0.4995379742852364,-0.3966876394780616
0.5320364502973636,1.057371331150751,-0.48910245345594094,-0.4083618745868416
0.5061604786791738,1.0663871374394276,-0.4748817915625112,-0.4209904097127688
0.48069013574636354,1.0775448970312769,-0.45805764312312536,-0.4334606990561434
0.45760007099901623,1.0899612003505188,-0.4394463902479113,-0.44500576883426235
0.438492278923295,1.1029667052596097,-0.41985996805123516,-0.4552320279348834
0.4245521989405374,1.1157703540113952,-0.40042829284250403,-0.4641147319519019
0.41637944054037046,1.1274155845693081,-0.3825571444135485,-0.4720069375318605
0.4138600308825493,1.136984109736026,-0.36758135526221425,-0.4795972200661569
0.4162557298140308,1.143827269793594,-0.3563839198810619,-0.4877472167975865
0.4225351051908546,1.1476592619232995,-0.3492013490871637,-0.4972190438169737
0.43180301093905116,1.1484974127237446,-0.3456586066613323,-0.5083811782700483
0.4435963182783025,1.1465521952047497,-0.3449305981892885,-0.521008997658906
0.45786328252531594,1.1421927182838993,-0.34589991763677697,-0.5342699716291363
0.47462655492925765,1.1360368030337866,-0.34726484832945625,-0.5469217616092815
0.4935378324698445,1.1290859748560496,-0.3476561888891101,-0.5576699330871983
0.5136242152167498,1.122728189637383,-0.3458505512911305,-0.5655470721523225
0.5334294595041753,1.1184574432193863,-0.3410895746647684,-0.5701377735454402
0.5514985195154631,1.1173589377554107,-0.33337050096774856,-0.5715573308744619
0.5668951485690854,1.119668654740834,-0.3234816922024222,-0.5702734459887411
0.5794098799898924,1.1247554112638087,-0.31266054705307456,-0.5669583456592683
0.5893754215993021,1.1315616585030315,-0.30202976499842116,-0.5624408564740311
0.5973041409897579,1.1391713392596636,-0.2921554953903689,-0.557645243502584
0.603619475969098,1.1471323440929104,-0.28296478750982734,-0.5533977001984678
0.6086010330564597,1.1554192992447216,-0.2739932995721126,-0.5501408226572425
0.6124965134190152,1.1641730293734778,-0.2647592775356171,-0.5477254821430521
0.6156710643797207,1.1734279086594555,-0.2550532966118795,-0.5454364120622777
0.618675374410629,1.1829663244584965,-0.24503624329785545,-0.5422782121353097
0.6221908243531864,1.1923215192720888,-0.23516569973182366,-0.5373934055034822
0.6268869923391203,1.2008818713790017,-0.22604018402031878,-0.530405207098879
0.6332559858415672,1.2080448531207166,-0.21823864889708733,-0.5215243646817709
0.6414816300436297,1.2133753064003263,-0.21218920638064964,-0.5113939253014093
0.6513847568758,1.2167217869154918,-0.20807600955463523,-0.5007812117657746
0.6624614114842018,1.2182545066871335,-0.205796930610451,-0.49028844021182705
0.6740002205145914,1.2184097392777986,-0.20499547255702533,-0.480213917318719
0.6852460908150246,1.2177482510357316,-0.20517971713516325,-0.47058476349260414
0.6955743992027248,1.216765356651252,-0.20590241108822527,-0.461280004451732
0.7046260535982003,1.215738423841123,-0.20692161068883475,-0.45214472565260877
0.7123289665735064,1.214728719371656,-0.2082263899786745,-0.4430572169661915
0.7187580276043324,1.2137891243867975,-0.20986043004272603,-0.4339707427726198
0.7238958562377396,1.2132638324354081,-0.21161972508080673,-0.4249494304051671
0.7274705027483805,1.2139340654033315,-0.21283773036396259,-0.41617656702153183
0.7290466296617066,1.2168063487947212,-0.2124736197524668,-0.4078938975323356
0.7283885505970056,1.2225723582603285,-0.20954790322246208,-0.4002693768411887
0.7258711369825828,1.2310571629137455,-0.20371069046832013,-0.39327173612520805
0.722595822062043,1.2410640719498824,-0.19557806243617382,-0.3866600851842019
0.7200538213316003,1.2507614706014965,-0.18659937875207344,-0.3800982281873655
0.7195310700919271,1.2583537102971742,-0.17853920557024217,-0.37327850346436464
0.7216134139952346,1.2626370526470998,-0.17288201888205013,-0.36595874586687405
0.7260085131858891,1.2632397166748612,-0.1704364896196673,-0.3579426381674202
0.7316660217039428,1.260590522757935,-0.17123398226709385,-0.34909253776087423
0.7370566806800751,1.2557388218542551,-0.17464973736288347,-0.33940358229553125
0.7404821511609556,1.2501135613873409,-0.17960421426698292,-0.32908421112037334
0.7403615017545673,1.2452650967606205,-0.1847453329511648,-0.3185658783237171
0.7355142574547324,1.2425947100807755,-0.1886272520996235,-0.30840196373510653
0.7254726363127133,1.2430652862807012,-0.18996878929970085,-0.29907722158926986
0.7107764316021294,1.2469381890797941,-0.1880112789558399,-0.2908129282080836
0.6930948129511567,1.2536499104455843,-0.18285689133622718,-0.2834850395971207
0.6750109939724183,1.2619318415033867,-0.17558984289476265,-0.2767193647575594
0.6594680591457691,1.270152067153935,-0.16805932839271343,-0.27009436511611673
0.6490857192970396,1.276714886261939,-0.16239042479400245,-0.2632921499133174
0.645602104179775,1.2803563095943575,-0.16041593020171052,-0.25610754193130925
0.6495503108979519,1.2803261386478355,-0.1631945641714545,-0.24838307807659787
0.6601464089853815,1.2765419756358245,-0.17070689806401163,-0.240009346092372
0.6753786426157946,1.269706396050699,-0.18181505153635302,-0.23104913904234348
0.6923650594880708,1.2612352639057978,-0.1945696977423763,-0.22188686742798147
0.708014123395293,1.252888447591615,-0.20682025349926092,-0.21321456845999553
0.7198303361557932,1.2462338322697764,-0.2168814010019091,-0.20576419372619492
0.7265303437249964,1.24224099180335,-0.22394590583432405,-0.19993200634945896
0.7281873613716643,1.241193860956285,-0.22809938983895406,-0.19557571227202586
0.7258872404595256,1.2428649579182784,-0.23003361240786102,-0.1921410012464222
0.7211428929608463,1.2467507447722295,-0.2306861495548571,-0.18901519196523964
0.7153857554119514,1.2522082839604667,-0.23100144709878156,-0.18585664806026458
0.7097163281477434,1.2584765689285744,-0.23186501737893073,-0.18270506859255753
0.7048969325865941,1.2646746613352902,-0.2341257429811261,-0.17984172168728696
0.7014638000402118,1.2698602266622276,-0.2385932650799527,-0.1775103791709851
0.6998389858336498,1.273158623024437,-0.24596345537077258,-0.17567320367867922
0.7003553800071383,1.2739439525476175,-0.25667941396282057,-0.17395022459053022
0.703138894522688,1.2720697266798717,-0.27074240865761934,-0.17178432050937076
0.707867995419011,1.2681026956460637,-0.28752613746555444,-0.16873568068493983
0.7135683244084281,1.263389477488078,-0.30574731982325476,-0.1647229191826063
0.7186894432053343,1.2597446909294572,-0.3237687949551056,-0.16005092153159484
0.7215819738365983,1.2587605840492961,-0.3402112249334277,-0.15519684056033856
0.7211564239554513,1.2610966294041042,-0.3545338009217873,-0.15049613034580966
0.7172839616285356,1.2662353887295155,-0.367155270689574,-0.14594929319810546
0.710693023263393,1.2728699061560964,-0.3790018648359663,-0.14126801937570832
0.7025290479611426,1.2796044038182155,-0.3908213238280902,-0.13608700571025878
0.6939146517233683,1.285487332892128,-0.40274859175015587,-0.130171730408722
0.6856754454388185,1.2901573434269005,-0.4143299816055179,-0.12351310794543946
0.6781812420756363,1.2937369523182607,-0.42482177972216006,-0.11631837894068386
0.6712146194792379,1.2967323078438522,-0.43342937362264533,-0.10896886165970554
0.663861782109916,1.3000689064367805,-0.4392919247043958,-0.10198937684106535
0.6545062375473241,1.3051743198596193,-0.44128311195067416,-0.09600913819457224
0.6410807796481015,1.3138561455378066,-0.43794008772984383,-0.09165159821231095
0.6217319077706325,1.3277485631427735,-0.42788103758015494,-0.08931446241389329
0.5957858451416194,1.3474122229276781,-0.410746741770575,-0.088912097663433
0.564461838586684,1.3716038302301676,-0.3881334412123041,-0.0897753451737826
0.5307168640471533,1.397333674147284,-0.3637086426544194,-0.0908534836504129
0.4982178584835353,1.420856843195176,-0.3421268669202655,-0.09111517927860491
0.4700845638757585,1.4390704478042062,-0.32721452094160863,-0.08989138785962747
0.4480254708338074,1.4505431468051717,-0.32042884922289483,-0.0870353616899584
0.4320646204554681,1.455717106020337,-0.32041678832086573,-0.08296095827942507
0.4208294279707079,1.4562901677118298,-0.3238846283002057,-0.07860625267334553
0.41233483751081557,1.4541127858170597,-0.32736587063439027,-0.07526566923220868
0.405012512018309,1.4501463842277118,-0.3290134624622305,-0.07427393005981053
0.39843996891112465,1.444064698519926,-0.3294186887034436,-0.07667404597377447
0.39329837534743883,1.4347224701499406,-0.3309585893853313,-0.08301196727683857
0.390651939643478,1.4211145576713586,-0.33613724489456054,-0.09325643530155925
0.3911024833915744,1.4031677655408934,-0.34601291658550837,-0.10680265851555304
0.3942934166466858,1.3819817827164806,-0.3595550422093663,-0.12261103128275663
0.39891417779608473,1.3595634155993817,-0.3740482431564003,-0.13951617788998094
0.40316439954776584,1.3382715209772682,-0.38615395097641647,-0.1565826300368769
0.4055329629647093,1.320152973906641,-0.3931410552634562,-0.17330022277318302
0.405574211058787,1.3063449843971182,-0.3938536488226856,-0.18952764010364898
0.4042293926153633,1.2967808376946113,-0.38905050555547493,-0.20528738540485603
0.4034277579353478,1.2903716588224803,-0.38096020871449277,-0.22058519666827525
0.4051855013716099,1.285576563098816,-0.3722856230050646,-0.23532958018809236
0.4107507055398958,1.2810397305584726,-0.36517952605852533,-0.249320516533172
0.4202229414046541,1.2759786511996989,-0.360651324282506,-0.2622706950928573
0.43272085511219305,1.2702007178600874,-0.3585600436054919,-0.27385591614157634
0.44690874627002164,1.2638346403693506,-0.3580610138275493,-0.28378997712471143
0.4615934918938145,1.2570012880527202,-0.3582099140113,-0.29190353359243115
0.47609947624202875,1.2496787222328976,-0.35838416163389075,-0.29821181127882257
0.49023154626072585,1.2418872969175796,-0.3582981597599748,-0.30296686694070485
0.5038747401947008,1.2340627141258198,-0.3576720441913741,-0.30668081949537873
0.5165452052411108,1.2272787224754644,-0.35589065964333866,-0.3100883077155805
0.5272826127190564,1.2230180819421554,-0.352015237414556,-0.3140132480797202
0.53504160945603,1.2224902342873332,-0.3452283419556099,-0.31914154009432183
0.5393401757147342,1.2258615284348544,-0.3354279087607701,-0.32579073284568727
0.5407014734541311,1.2318983367250724,-0.32355062103791754,-0.33383028467262754
0.5405927089054818,1.2382875341778308,-0.31139123773982913,-0.34282198043878753
0.5409303118269237,1.2424829614439021,-0.30099997300561476,-0.3522717368500814
0.5434426772012271,1.2426420628806283,-0.2939563636930935,-0.3618110314083547
0.5491653691274581,1.238217472097055,-0.2908557974961288,-0.3712306720411638
0.5582179197520538,1.2300047613705303,-0.2912172536904931,-0.38043399932548705
0.569874730555237,1.2197436692051753,-0.2937861674144375,-0.3894098500231793
0.5828304148729573,1.2095325386477302,-0.297008899309239,-0.3982511244258955
0.5955297998757905,1.2012836246800775,-0.29943969279567506,-0.40716935925978337
0.6064932046883111,1.196335560245712,-0.2999742598506516,-0.41644982903442385
0.6146212647682567,1.195262652732095,-0.2979322422304691,-0.4263442235607722
0.6194437197456488,1.197865461589012,-0.29306451098185793,-0.43695395980820173
0.6212235385041438,1.2032941087411688,-0.2855470567326335,-0.4481755158034373
0.6208204548146159,1.2102894186012865,-0.275949818337345,-0.45975180920671543
0.6193198839183764,1.2175393535574033,-0.2651184601689316,-0.47140644201881265
0.6176045655632127,1.2240436664335839,-0.25397192161977,-0.48297638357243167
0.6161119483162023,1.2292966380251302,-0.24331819329356597,-0.4944701596472447
0.614887608150607,1.2331919443078347,-0.23378164166707638,-0.5060416982097169
0.6138518039706948,1.2357255136359604,-0.2258421039465246,-0.517905521195118
0.6131061142117777,1.2366534105512894,-0.21992788161539045,-0.5302193293628842
0.6131210350292895,1.2352509413222252,-0.2165010766978579,-0.5429670068398138
0.6147012694383513,1.230293170780758,-0.21607101505627013,-0.5558878255529873
0.6187167838116301,1.2203334612327823,-0.21907827174180894,-0.5684876017354044
0.6257064380268351,1.204252215957633,-0.22565852936715713,-0.5801421976456248
0.6355398038893769,1.1819098153902279,-0.23538898573683098,-0.5902882205366841
0.6473047076756817,1.1546384976298072,-0.24714826235276766,-0.5986678994895237
0.6594926514276809,1.125285188669006,-0.2591835960944051,-0.6055214233264465
0.6704436725496146,1.0976105615711358,-0.26944270418157856,-0.6115633430253404
0.6789053814411499,1.075142908439121,-0.27614671935774093,-0.6176729220064702
0.6844482618323748,1.0600083585205082,-0.27838719814052726,-0.6244709726816804
0.6874806354864431,1.0524037077005652,-0.27640357279982086,-0.6320964762811903
0.6888680841328727,1.0509419323436422,-0.27137573488059963,-0.6403123445424972
0.6894788435130355,1.0534687810664116,-0.26491531297104065,-0.6487578511263089
0.6899759856934791,1.057766446656551,-0.2585965710061413,-0.6571041388446106
0.6908938796498056,1.0618762053392947,-0.2537293383549475,-0.665057568886231
0.6928092680998452,1.0641440638858222,-0.2513384926895257,-0.6723068300489715
0.6963984886999774,1.06323707983368,-0.25217784470149773,-0.6785078915432069
0.7022901693557475,1.0582987353400601,-0.25663890840866665,-0.683337890262718
0.710778635516677,1.0492119502436061,-0.2645677840150513,-0.6866095307953204
0.7215699187254185,1.0367711191721403,-0.2751393543438809,-0.6884216190039149
0.7337247473832469,1.022576100347877,-0.28693659846924824,-0.6892860016494972
